{"lin1.weight": [[0.022075209766626358, 0.2900258004665375], [0.49746638536453247, -0.44273245334625244], [-0.6242762207984924, 0.5743930339813232], [-0.5217832922935486, 0.2797205448150635], [0.5699741840362549, -0.06330941617488861], [-0.2766779661178589, 0.09289301186800003], [-0.5055122375488281, -0.13460710644721985], [-0.6146429181098938, 0.2880873382091522], [0.6404470801353455, -0.4892456829547882], [0.16447465121746063, -0.6399185061454773]], "lin1.bias": [-0.3464159667491913, -0.6974958777427673, 0.28267404437065125, -0.09132365137338638, 0.028421370312571526, 0.39413753151893616, -0.1534445881843567, -0.04604516550898552, -0.5405578017234802, 0.654909610748291], "lin_end.weight": [[0.3123580515384674, -0.11941666156053543, -0.13339994847774506, 0.17212143540382385, 0.2712098956108093, 0.21680666506290436, -0.23245015740394592, -0.2108900547027588, -0.035393498837947845, -0.028158191591501236]], "lin_end.bias": [-0.1413072943687439]}