{"lin1.weight": [[0.3836911618709564, 0.617111086845398], [0.423755943775177, -0.5492145419120789], [-0.7145988345146179, 0.47242629528045654], [-0.4319770634174347, 0.36383873224258423], [0.9129566550254822, 0.29971450567245483], [-0.13303540647029877, 0.2528691589832306], [-0.8227538466453552, -0.4610740542411804], [-0.8620269298553467, 0.03998325765132904], [0.638383150100708, -0.4915798306465149], [0.0562090240418911, -0.708321750164032]], "lin1.bias": [-0.3017820417881012, -0.7092477083206177, 0.2576465308666229, -0.08014354854822159, 0.04876648634672165, 0.40170231461524963, -0.1383380889892578, -0.08024273812770844, -0.541134774684906, 0.6301314830780029], "lin_end.weight": [[0.7628160119056702, -0.18828928470611572, -0.16906006634235382, 0.08038449287414551, 0.8706316351890564, 0.23078516125679016, -0.8494360446929932, -0.5778759717941284, 0.012205115519464016, -0.28802672028541565]], "lin_end.bias": [-0.08806151151657104]}