{"lin1.weight": [[0.42819201946258545, 0.6461099982261658], [0.415459007024765, -0.5591006278991699], [-0.7237063646316528, 0.4642760753631592], [-0.42770183086395264, 0.36682072281837463], [0.9542461037635803, 0.3359498977661133], [-0.12077859789133072, 0.26370611786842346], [-0.8641291260719299, -0.4957842230796814], [-0.8921850919723511, 0.015627751126885414], [0.6390532851219177, -0.4908343255519867], [0.03749806806445122, -0.7155712842941284]], "lin1.bias": [-0.29832199215888977, -0.710025429725647, 0.2556762397289276, -0.07995609939098358, 0.04585810750722885, 0.40102940797805786, -0.13116659224033356, -0.08105436712503433, -0.5409954190254211, 0.6272591948509216], "lin_end.weight": [[0.8048382997512817, -0.20029422640800476, -0.19561773538589478, 0.06294268369674683, 0.92645663022995, 0.22561979293823242, -0.9234311580657959, -0.6335121989250183, 0.014317123219370842, -0.3191644251346588]], "lin_end.bias": [-0.10456238687038422]}