{"lin1.weight": [[0.07803086936473846, 0.33837029337882996], [0.4831601679325104, -0.46152257919311523], [-0.6437548995018005, 0.5535117387771606], [-0.49587559700012207, 0.30320632457733154], [0.6195629239082336, -0.015683257952332497], [-0.2446829229593277, 0.1260962039232254], [-0.5486685633659363, -0.17470528185367584], [-0.6521162986755371, 0.2528932988643646], [0.6372990012168884, -0.4930899441242218], [0.1568867415189743, -0.6447739601135254]], "lin1.bias": [-0.3406458795070648, -0.700096070766449, 0.2777118682861328, -0.08819194883108139, 0.03334797918796539, 0.3969563841819763, -0.1541842520236969, -0.05174042657017708, -0.5414009690284729, 0.6532478332519531], "lin_end.weight": [[0.37510257959365845, -0.11577564477920532, -0.12980970740318298, 0.1419762372970581, 0.3723810017108917, 0.20545481145381927, -0.3314151465892792, -0.26303747296333313, -0.014813696965575218, -0.0677889958024025]], "lin_end.bias": [-0.12009314447641373]}