{"lin1.weight": [[0.7974318861961365, 0.8104352951049805], [0.3470454812049866, -0.6142508387565613], [-0.8155552744865417, 0.4338226616382599], [-0.4253961145877838, 0.372667133808136], [1.2549635171890259, 0.5717639327049255], [-0.047017402946949005, 0.30745235085487366], [-1.1877566576004028, -0.7559624910354614], [-1.1250889301300049, -0.10278168320655823], [0.6519047617912292, -0.4849335551261902], [-0.12516248226165771, -0.7135190367698669]], "lin1.bias": [-0.24356116354465485, -0.7236430048942566, 0.2365284115076065, -0.07943875342607498, 0.005493946839123964, 0.39846891164779663, -0.06597954779863358, -0.07056054472923279, -0.537696897983551, 0.5979769229888916], "lin_end.weight": [[1.087522268295288, -0.2429005354642868, -0.4407637417316437, -0.08956728875637054, 1.3098900318145752, 0.1825340837240219, -1.42501962184906, -1.0256425142288208, 0.08485828340053558, -0.4556865096092224]], "lin_end.bias": [-0.21303506195545197]}