{"lin1.weight": [[0.6546446084976196, 0.7690287232398987], [0.3731270134449005, -0.6014405488967896], [-0.7774485349655151, 0.43014612793922424], [-0.41963300108909607, 0.37182989716529846], [1.1461069583892822, 0.4980066120624542], [-0.06935431808233261, 0.30204227566719055], [-1.0641216039657593, -0.6630363464355469], [-1.040863275527954, -0.08395478129386902], [0.6451337933540344, -0.4859388470649719], [-0.06438010185956955, -0.7350624799728394]], "lin1.bias": [-0.27288344502449036, -0.7169471979141235, 0.24331411719322205, -0.07935916632413864, 0.02020752988755703, 0.39937594532966614, -0.08675868809223175, -0.07866489142179489, -0.53948575258255, 0.6090270280838013], "lin_end.weight": [[1.0108462572097778, -0.23989158868789673, -0.32833749055862427, -0.015387607738375664, 1.1939254999160767, 0.21516434848308563, -1.252616047859192, -0.8851833343505859, 0.047621820122003555, -0.42775118350982666]], "lin_end.bias": [-0.1600838601589203]}