{"lin1.weight": [[0.5493028163909912, 0.7258366942405701], [0.3926672041416168, -0.5856099724769592], [-0.7512626647949219, 0.44131162762641907], [-0.4203804135322571, 0.3717791736125946], [1.0599071979522705, 0.434539258480072], [-0.09064382314682007, 0.29031097888946533], [-0.9714953899383545, -0.5935899615287781], [-0.9736151695251465, -0.04978635534644127], [0.6417307257652283, -0.4880499541759491], [-0.016987401992082596, -0.7348659634590149]], "lin1.bias": [-0.2841847240924835, -0.7136563658714294, 0.2484346330165863, -0.07928188890218735, 0.03586631268262863, 0.4007783532142639, -0.10996828973293304, -0.08375710248947144, -0.5402873158454895, 0.6162124276161194], "lin_end.weight": [[0.9357691407203674, -0.22439943253993988, -0.2507209777832031, 0.034049589186906815, 1.0896482467651367, 0.23407390713691711, -1.1045130491256714, -0.7660332322120667, 0.03106844797730446, -0.3821503818035126]], "lin_end.bias": [-0.11768576502799988]}