{"lin1.weight": [[0.31545162200927734, 0.5514693856239319], [0.43626055121421814, -0.5295291543006897], [-0.7001510858535767, 0.4895722568035126], [-0.44048747420310974, 0.35555440187454224], [0.849631130695343, 0.22413714230060577], [-0.15334026515483856, 0.22833594679832458], [-0.7619476914405823, -0.39009150862693787], [-0.8149654865264893, 0.09107432514429092], [0.6372566223144531, -0.4931783676147461], [0.08433979749679565, -0.6900622248649597]], "lin1.bias": [-0.3107423782348633, -0.7075350880622864, 0.26189959049224854, -0.08123262971639633, 0.04929478093981743, 0.40138787031173706, -0.14656569063663483, -0.07496428489685059, -0.5414459705352783, 0.6369348764419556], "lin_end.weight": [[0.6697182059288025, -0.16521383821964264, -0.15667419135570526, 0.08602127432823181, 0.7619348764419556, 0.21730194985866547, -0.7354214787483215, -0.5054110884666443, 0.011600092984735966, -0.23774555325508118]], "lin_end.bias": [-0.09023188054561615]}