{"lin1.weight": [[0.5109561085700989, 0.7057030200958252], [0.39998579025268555, -0.5784478187561035], [-0.742107629776001, 0.447468638420105], [-0.42197468876838684, 0.3710036277770996], [1.0270905494689941, 0.4090169072151184], [-0.09966307133436203, 0.2838239371776581], [-0.9376615285873413, -0.5676241517066956], [-0.9479994177818298, -0.03318479284644127], [0.640777051448822, -0.48888248205184937], [0.0005445920978672802, -0.73076331615448]], "lin1.bias": [-0.2883276641368866, -0.7123288512229919, 0.2507637143135071, -0.0793924629688263, 0.0401018001139164, 0.4008239507675171, -0.11733652651309967, -0.08371999114751816, -0.5405477285385132, 0.619493842124939], "lin_end.weight": [[0.8983827233314514, -0.21982499957084656, -0.2302912026643753, 0.04519002139568329, 1.0411748886108398, 0.23288094997406006, -1.0510262250900269, -0.7247470021247864, 0.02294277213513851, -0.3664073050022125]], "lin_end.bias": [-0.11327964067459106]}