{"lin1.weight": [[0.614978015422821, 0.748476505279541], [0.3803861141204834, -0.594581663608551], [-0.7670268416404724, 0.43515825271606445], [-0.4193921983242035, 0.37196287512779236], [1.11512291431427, 0.4692099392414093], [-0.07695993036031723, 0.29697534441947937], [-1.0307095050811768, -0.631018340587616], [-1.0157537460327148, -0.06863540410995483], [0.6436455249786377, -0.48698803782463074], [-0.04595886170864105, -0.7344236969947815]], "lin1.bias": [-0.2766408324241638, -0.7158284783363342, 0.2452571839094162, -0.079337477684021, 0.028165435418486595, 0.40009498596191406, -0.09784944355487823, -0.08158320933580399, -0.5398218631744385, 0.6119897365570068], "lin_end.weight": [[0.9810144305229187, -0.2301105558872223, -0.29863736033439636, 0.003573082620278001, 1.155552864074707, 0.22320236265659332, -1.1931709051132202, -0.8388944864273071, 0.04489721730351448, -0.40612778067588806]], "lin_end.bias": [-0.14036907255649567]}