{"lin1.weight": [[0.35043245553970337, 0.5812382102012634], [0.42991217970848083, -0.5386121273040771], [-0.7075040340423584, 0.48152831196784973], [-0.43595826625823975, 0.35957154631614685], [0.8827846646308899, 0.25873512029647827], [-0.14275087416172028, 0.2398100048303604], [-0.7938466668128967, -0.42223113775253296], [-0.8390798568725586, 0.06759011000394821], [0.6378656625747681, -0.49238210916519165], [0.07048644870519638, -0.6980568170547485]], "lin1.bias": [-0.30597326159477234, -0.7085734605789185, 0.25966838002204895, -0.080629862844944, 0.05005864426493645, 0.40173840522766113, -0.14351700246334076, -0.07804569602012634, -0.5412684082984924, 0.6337305307388306], "lin_end.weight": [[0.71480792760849, -0.17321093380451202, -0.16407708823680878, 0.08195753395557404, 0.8176218271255493, 0.22382505238056183, -0.7908666133880615, -0.5417380928993225, 0.015469579957425594, -0.2586902976036072]], "lin_end.bias": [-0.08677167445421219]}