{"lin1.weight": [[0.6875244975090027, 0.7779452204704285], [0.36706623435020447, -0.6047115325927734], [-0.785504162311554, 0.42993664741516113], [-0.4202778935432434, 0.37185680866241455], [1.1719186305999756, 0.5148179531097412], [-0.06374698877334595, 0.3037241995334625], [-1.0931791067123413, -0.6832345128059387], [-1.0603959560394287, -0.08960879594087601], [0.6463358402252197, -0.4856456518173218], [-0.078334741294384, -0.7308486104011536]], "lin1.bias": [-0.26705774664878845, -0.7181680202484131, 0.24217009544372559, -0.07934381067752838, 0.01669021137058735, 0.3989250063896179, -0.08170847594738007, -0.07657971978187561, -0.5392230749130249, 0.6069763898849487], "lin_end.weight": [[1.0265787839889526, -0.2424272894859314, -0.35604768991470337, -0.03416648134589195, 1.2192796468734741, 0.20532290637493134, -1.2949682474136353, -0.9202963709831238, 0.054030269384384155, -0.43769824504852295]], "lin_end.bias": [-0.1766127645969391]}