{"lin1.weight": [[0.7208589315414429, 0.782905101776123], [0.36090636253356934, -0.6067935228347778], [-0.7939687967300415, 0.43164563179016113], [-0.4212853014469147, 0.3721015453338623], [1.1982311010360718, 0.526746392250061], [-0.05826900154352188, 0.3042560815811157], [-1.1229381561279297, -0.6987538933753967], [-1.0800933837890625, -0.09109804779291153], [0.6477950215339661, -0.4856504201889038], [-0.09204168617725372, -0.7248917818069458]], "lin1.bias": [-0.26008787751197815, -0.7197729349136353, 0.24082785844802856, -0.07933346927165985, 0.014205893501639366, 0.39878684282302856, -0.07823742181062698, -0.07483861595392227, -0.5388708710670471, 0.6047763824462891], "lin_end.weight": [[1.0416336059570312, -0.24023129045963287, -0.38304251432418823, -0.05212333798408508, 1.245233416557312, 0.1972903311252594, -1.3319753408432007, -0.9523147344589233, 0.06510940194129944, -0.441120445728302]], "lin_end.bias": [-0.18768906593322754]}