{"lin1.weight": [[0.20515792071819305, 0.45804208517074585], [0.45695760846138, -0.5003262758255005], [-0.6766154170036316, 0.5151352286338806], [-0.4594651460647583, 0.33869069814682007], [0.7424544095993042, 0.11515271663665771], [-0.190377876162529, 0.18849225342273712], [-0.6602258682250977, -0.29000845551490784], [-0.7391465306282043, 0.1638220101594925], [0.6361023783683777, -0.4946908950805664], [0.12367822974920273, -0.6674352884292603]], "lin1.bias": [-0.3241240084171295, -0.7045959234237671, 0.2683267295360565, -0.08328995108604431, 0.045088961720466614, 0.40067315101623535, -0.15363889932632446, -0.0658455342054367, -0.5417527556419373, 0.6453232765197754], "lin_end.weight": [[0.538804829120636, -0.13747954368591309, -0.1261567771434784, 0.11274050176143646, 0.5920192003250122, 0.21270814538002014, -0.5483918786048889, -0.38289400935173035, 0.003323028329759836, -0.16008979082107544]], "lin_end.bias": [-0.08632367104291916]}