{"lin1.weight": [[0.15850014984607697, 0.41117048263549805], [0.4660114347934723, -0.4862154424190521], [-0.665587842464447, 0.5286222100257874], [-0.4705171585083008, 0.32733070850372314], [0.6965891122817993, 0.06284520775079727], [-0.20851343870162964, 0.16641470789909363], [-0.6183085441589355, -0.24341733753681183], [-0.706895649433136, 0.19883431494235992], [0.6359066963195801, -0.4949854016304016], [0.1376374214887619, -0.6572264432907104]], "lin1.bias": [-0.33078187704086304, -0.7031782269477844, 0.27148690819740295, -0.08480710536241531, 0.040917716920375824, 0.3995990455150604, -0.15432007610797882, -0.060630831867456436, -0.5418059229850769, 0.6488211750984192], "lin_end.weight": [[0.47451022267341614, -0.1256633996963501, -0.12809951603412628, 0.11817667633295059, 0.5114505290985107, 0.2055882215499878, -0.4687846302986145, -0.33893832564353943, 0.00015050132060423493, -0.12428966164588928]], "lin_end.bias": [-0.09754811227321625]}