{"lin1.weight": [[0.33210474252700806, -0.022590825334191322], [0.15232765674591064, 0.36192697286605835], [0.3752293288707733, -0.15933939814567566], [0.24608653783798218, -0.4314424395561218], [-0.034293897449970245, 0.1715851128101349], [-0.3222070038318634, -0.14615517854690552], [0.49388810992240906, -0.15786457061767578], [0.6562433242797852, -0.4457053542137146], [0.6967105865478516, 0.3848215639591217], [0.5951365232467651, 0.5577805042266846]], "lin1.bias": [0.44645217061042786, -0.4828719198703766, -0.038532160222530365, -0.007994082756340504, -0.6448025107383728, -0.22166793048381805, 0.6284171342849731, 0.667677104473114, -0.5260221362113953, 0.4019825756549835], "lin_end.weight": [[0.2476099282503128, 0.056078143417835236, 0.29957008361816406, 0.11644046008586884, 0.1206628680229187, -0.1987815797328949, 0.035878170281648636, -0.046843163669109344, -0.059615544974803925, -0.04376262426376343]], "lin_end.bias": [-0.2078970968723297]}