{"lin1.weight": [[0.09968645870685577, 0.3609340786933899], [0.47845372557640076, -0.46948710083961487], [-0.6501251459121704, 0.5452979803085327], [-0.48796331882476807, 0.31171050667762756], [0.6397637128829956, 0.008014610037207603], [-0.234273299574852, 0.13951826095581055], [-0.5667549967765808, -0.195356547832489], [-0.6668409109115601, 0.23640812933444977], [0.6366641521453857, -0.4940718412399292], [0.15232720971107483, -0.6481008529663086]], "lin1.bias": [-0.3379165530204773, -0.7009772658348083, 0.2757321894168854, -0.08700168132781982, 0.03572135418653488, 0.3977779150009155, -0.154440775513649, -0.05451202392578125, -0.5415966510772705, 0.6520687937736511], "lin_end.weight": [[0.403926283121109, -0.1220022439956665, -0.1238001361489296, 0.1364639699459076, 0.41001346707344055, 0.20520277321338654, -0.3705129623413086, -0.28124329447746277, -0.014857291243970394, -0.08775535225868225]], "lin_end.bias": [-0.11355805397033691]}