{"lin1.weight": [[0.6529006361961365, 0.7676800489425659], [0.3734091818332672, -0.6009905338287354], [-0.7769851088523865, 0.4305118918418884], [-0.41961005330085754, 0.37184274196624756], [1.1448277235031128, 0.49622946977615356], [-0.06967101246118546, 0.30171042680740356], [-1.062739372253418, -0.6610755920410156], [-1.0397427082061768, -0.08295921981334686], [0.6450712084770203, -0.4860137403011322], [-0.06347821652889252, -0.7349493503570557]], "lin1.bias": [-0.2723844647407532, -0.7170300483703613, 0.24325421452522278, -0.07936657965183258, 0.021350620314478874, 0.39955395460128784, -0.08815266191959381, -0.07928246259689331, -0.539477527141571, 0.6089553833007812], "lin_end.weight": [[1.0104047060012817, -0.23815515637397766, -0.32565999031066895, -0.013336725533008575, 1.1934763193130493, 0.21707063913345337, -1.248355507850647, -0.8817311525344849, 0.04886646568775177, -0.4247065782546997]], "lin_end.bias": [-0.15636536478996277]}