{"lin1.weight": [[0.1749623715877533, 0.4264056384563446], [0.4628185033798218, -0.4909074306488037], [-0.6695959568023682, 0.52398681640625], [-0.46644604206085205, 0.3312399089336395], [0.71272212266922, 0.07982266694307327], [-0.20196755230426788, 0.1738368570804596], [-0.6330302357673645, -0.2584170401096344], [-0.7182028889656067, 0.1873975396156311], [0.6359550356864929, -0.4949144124984741], [0.13296939432621002, -0.660345733165741]], "lin1.bias": [-0.32867345213890076, -0.7037115693092346, 0.2703404724597931, -0.08426953852176666, 0.042279135435819626, 0.3999949097633362, -0.15402215719223022, -0.06239572912454605, -0.5417924523353577, 0.6477405428886414], "lin_end.weight": [[0.4956184923648834, -0.1286974549293518, -0.12870685756206512, 0.11482467502355576, 0.5393565893173218, 0.2069651186466217, -0.4964820146560669, -0.35494503378868103, 0.0023365686647593975, -0.13583892583847046]], "lin_end.bias": [-0.09395755082368851]}