{"lin1.weight": [[0.06988191604614258, 0.3313189446926117], [0.48509830236434937, -0.4589387774467468], [-0.6411756873130798, 0.556280791759491], [-0.49912312626838684, 0.3002510964870453], [0.612006664276123, -0.022994356229901314], [-0.24891525506973267, 0.12163488566875458], [-0.5419739484786987, -0.1684151291847229], [-0.6465929746627808, 0.2580845355987549], [0.6375980973243713, -0.4927198886871338], [0.1583358496427536, -0.6438779234886169]], "lin1.bias": [-0.341422975063324, -0.6997877955436707, 0.278340220451355, -0.08853285014629364, 0.03272116184234619, 0.3966934084892273, -0.15418359637260437, -0.05099205672740936, -0.5413256287574768, 0.6535500884056091], "lin_end.weight": [[0.3663584589958191, -0.11521946638822556, -0.12902098894119263, 0.14639055728912354, 0.35875532031059265, 0.2074241042137146, -0.31643298268318176, -0.25449612736701965, -0.016721712425351143, -0.06116095930337906]], "lin_end.bias": [-0.12116672843694687]}