{"lin1.weight": [[0.37464529275894165, 0.6068807244300842], [0.4254094958305359, -0.5462056398391724], [-0.7126534581184387, 0.4750620722770691], [-0.4330061078071594, 0.36269038915634155], [0.9047884941101074, 0.2881649136543274], [-0.13562984764575958, 0.24924945831298828], [-0.8149058222770691, -0.45014846324920654], [-0.8557379245758057, 0.047905758023262024], [0.6382535099983215, -0.49178799986839294], [0.060221534222364426, -0.7052246928215027]], "lin1.bias": [-0.3026590645313263, -0.7091100215911865, 0.2581886053085327, -0.080256387591362, 0.049410466104745865, 0.4017634689807892, -0.14011147618293762, -0.07972770184278488, -0.5411635637283325, 0.6311043500900269], "lin_end.weight": [[0.7495306134223938, -0.18365809321403503, -0.16758336126804352, 0.08087321370840073, 0.8562967777252197, 0.22906717658042908, -0.8329428434371948, -0.5676544308662415, 0.013628650456666946, -0.27916058897972107]], "lin_end.bias": [-0.0870586484670639]}