{"lin1.weight": [[0.18222622573375702, 0.43439781665802], [0.4614007771015167, -0.4933088421821594], [-0.6713133454322815, 0.5217098593711853], [-0.46468016505241394, 0.3332219123840332], [0.7199326753616333, 0.08885346353054047], [-0.199118509888649, 0.17763619124889374], [-0.6396623253822327, -0.26651400327682495], [-0.7232707738876343, 0.18139858543872833], [0.6359733939170837, -0.4948827922344208], [0.1308034509420395, -0.6620545983314514]], "lin1.bias": [-0.32752344012260437, -0.7039171457290649, 0.2698404788970947, -0.08401840925216675, 0.04311311990022659, 0.40015190839767456, -0.15407489240169525, -0.06329633295536041, -0.5417877435684204, 0.6471511125564575], "lin_end.weight": [[0.5062150359153748, -0.13132594525814056, -0.12764112651348114, 0.11438577622175217, 0.5520381331443787, 0.20824146270751953, -0.5094864964485168, -0.36160075664520264, 0.0020049014128744602, -0.14235974848270416]], "lin_end.bias": [-0.09232504665851593]}