{"lin1.weight": [[0.17673750221729279, 0.429503858089447], [0.46251630783081055, -0.49179747700691223], [-0.6700218319892883, 0.5231327414512634], [-0.46600112318992615, 0.3319864869117737], [0.7144507169723511, 0.08328019082546234], [-0.20130084455013275, 0.17527873814105988], [-0.6346015930175781, -0.2615349292755127], [-0.7194705605506897, 0.18513372540473938], [0.6359612345695496, -0.49489840865135193], [0.13239628076553345, -0.6610059142112732]], "lin1.bias": [-0.32837894558906555, -0.7037339210510254, 0.27019113302230835, -0.08419192582368851, 0.04249778389930725, 0.4000011086463928, -0.1539713740348816, -0.06268578767776489, -0.5417906045913696, 0.6475410461425781], "lin_end.weight": [[0.4989970922470093, -0.1307741105556488, -0.12741269171237946, 0.1152496486902237, 0.5423420667648315, 0.20740002393722534, -0.5004894733428955, -0.3563750088214874, 0.0007445956580340862, -0.1391155868768692]], "lin_end.bias": [-0.09408408403396606]}