{"lin1.weight": [[0.1698443442583084, 0.4202477037906647], [0.46378546953201294, -0.4890907406806946], [-0.6683244109153748, 0.5257835388183594], [-0.4677050709724426, 0.3297262191772461], [0.7077341079711914, 0.07306883484125137], [-0.20396417379379272, 0.1709243357181549], [-0.6285372972488403, -0.25239795446395874], [-0.7146137356758118, 0.1919158697128296], [0.6359313130378723, -0.4949547350406647], [0.1345004439353943, -0.6590409874916077]], "lin1.bias": [-0.3294908106327057, -0.7035540342330933, 0.27074766159057617, -0.08447752892971039, 0.04174773395061493, 0.3998556435108185, -0.15408875048160553, -0.06171064078807831, -0.5417997241020203, 0.6481823921203613], "lin_end.weight": [[0.48750072717666626, -0.1264691948890686, -0.1304072141647339, 0.11456002295017242, 0.5301685929298401, 0.2055855095386505, -0.48747745156288147, -0.3507887125015259, 0.0029524858109652996, -0.13095243275165558]], "lin_end.bias": [-0.09568656980991364]}