{"lin1.weight": [[0.2824319899082184, 0.5217871069908142], [0.44236618280410767, -0.5204249620437622], [-0.6929906606674194, 0.49771714210510254], [-0.4451817274093628, 0.3511820435523987], [0.8179550766944885, 0.1892368644475937], [-0.1636190414428711, 0.21661314368247986], [-0.7313774824142456, -0.3574610948562622], [-0.7920035123825073, 0.11457584798336029], [0.6368077993392944, -0.4937925934791565], [0.09705543518066406, -0.6823757290840149]], "lin1.bias": [-0.3150976300239563, -0.7066733241081238, 0.26394742727279663, -0.08178433775901794, 0.04830223321914673, 0.40121302008628845, -0.14918828010559082, -0.07210270315408707, -0.5415698885917664, 0.639836847782135], "lin_end.weight": [[0.6278271675109863, -0.15529845654964447, -0.1491355150938034, 0.0914698988199234, 0.7102689146995544, 0.21354231238365173, -0.6794623136520386, -0.4695081114768982, 0.010488571599125862, -0.2139003872871399]], "lin_end.bias": [-0.08987021446228027]}