{"lin1.weight": [[0.6656019687652588, 0.7722576856613159], [0.3711200952529907, -0.6026173233985901], [-0.7800328731536865, 0.43003204464912415], [-0.41979876160621643, 0.37183621525764465], [1.1546655893325806, 0.504147469997406], [-0.06747902929782867, 0.3026845157146454], [-1.0737859010696411, -0.6703571677207947], [-1.0472898483276367, -0.08611413091421127], [0.6455073952674866, -0.48582974076271057], [-0.06899505853652954, -0.7336101531982422]], "lin1.bias": [-0.27133604884147644, -0.7172113656997681, 0.243143692612648, -0.07934238761663437, 0.018551884219050407, 0.3990756571292877, -0.08455821871757507, -0.07753631472587585, -0.5394307374954224, 0.6085560917854309], "lin_end.weight": [[1.0148169994354248, -0.24194282293319702, -0.3390641212463379, -0.02298564277589321, 1.2008960247039795, 0.21015261113643646, -1.2683148384094238, -0.8982574939727783, 0.04843086004257202, -0.4330146610736847]], "lin_end.bias": [-0.16861657798290253]}