{"lin1.weight": [[0.3248899579048157, -0.022925306111574173], [0.1508311927318573, 0.3620917797088623], [0.36679598689079285, -0.15981340408325195], [0.24271823465824127, -0.43163448572158813], [-0.03760345280170441, 0.17173384130001068], [-0.3166355788707733, -0.1457512527704239], [0.49296334385871887, -0.15786822140216827], [0.6577240824699402, -0.4458313286304474], [0.6981664299964905, 0.3846307396888733], [0.5965688228607178, 0.5580130219459534]], "lin1.bias": [0.44747722148895264, -0.48286131024360657, -0.03804296627640724, -0.007937531918287277, -0.6444758176803589, -0.22222453355789185, 0.6285836696624756, 0.6674255132675171, -0.5256639122962952, 0.4019384980201721], "lin_end.weight": [[0.24533778429031372, 0.056726474314928055, 0.2947680950164795, 0.11575143784284592, 0.12566527724266052, -0.18391922116279602, 0.029720475897192955, -0.057801976799964905, -0.07203017175197601, -0.0558951199054718]], "lin_end.bias": [-0.1961754411458969]}