{"lin1.weight": [[0.7082144618034363, 0.7859954237937927], [0.3629447817802429, -0.6072289943695068], [-0.7916566133499146, 0.4283026456832886], [-0.4209271967411041, 0.37169697880744934], [1.1883502006530762, 0.5262906551361084], [-0.05994971841573715, 0.30536186695098877], [-1.1110937595367432, -0.6965104341506958], [-1.0737537145614624, -0.09525744616985321], [0.6473569869995117, -0.4852360486984253], [-0.08766044676303864, -0.7306163311004639]], "lin1.bias": [-0.26024991273880005, -0.719794750213623, 0.23980017006397247, -0.07950986921787262, 0.017958061769604683, 0.3996557891368866, -0.08212702721357346, -0.07858414202928543, -0.5387821197509766, 0.6037256717681885], "lin_end.weight": [[1.0501571893692017, -0.23777607083320618, -0.3610682487487793, -0.0345149040222168, 1.2492992877960205, 0.21344788372516632, -1.3137741088867188, -0.9336692094802856, 0.06596586108207703, -0.4333326518535614]], "lin_end.bias": [-0.1647617220878601]}