{"lin1.weight": [[0.10753098875284195, 0.366676926612854], [0.476705938577652, -0.4715735912322998], [-0.6522786021232605, 0.5432193279266357], [-0.4853571355342865, 0.3137444257736206], [0.6471421122550964, 0.014110401272773743], [-0.23061500489711761, 0.1428365856409073], [-0.5733996629714966, -0.20060579478740692], [-0.6720758080482483, 0.23213821649551392], [0.636454701423645, -0.4943004846572876], [0.15055285394191742, -0.6490376591682434]], "lin1.bias": [-0.3371448516845703, -0.7013120651245117, 0.2751481235027313, -0.08669914305210114, 0.03627710044384003, 0.3980441689491272, -0.15433919429779053, -0.05524422973394394, -0.541655421257019, 0.6517325639724731], "lin_end.weight": [[0.41209301352500916, -0.1213516816496849, -0.12561175227165222, 0.1326858252286911, 0.4233649671077728, 0.20428545773029327, -0.3833718001842499, -0.28954213857650757, -0.0116964066401124, -0.09163150936365128]], "lin_end.bias": [-0.11163236945867538]}