{"lin1.weight": [[0.0348256453871727, 0.29900074005126953], [0.49388864636421204, -0.4466860890388489], [-0.6290552616119385, 0.5699892044067383], [-0.5150761604309082, 0.2848418951034546], [0.5807222723960876, -0.054843753576278687], [-0.26868870854377747, 0.09972799569368362], [-0.5147995948791504, -0.1415797472000122], [-0.6230233907699585, 0.28148719668388367], [0.6394177675247192, -0.4903391897678375], [0.16324253380298615, -0.640556275844574]], "lin1.bias": [-0.3452659845352173, -0.6982145309448242, 0.2814773619174957, -0.09056036174297333, 0.029460592195391655, 0.3949092626571655, -0.15365540981292725, -0.047253310680389404, -0.5408409833908081, 0.6546748280525208], "lin_end.weight": [[0.3244354724884033, -0.11504403501749039, -0.1353660523891449, 0.16237306594848633, 0.2952019274234772, 0.21263347566127777, -0.2544727623462677, -0.22420653700828552, -0.026900198310613632, -0.03379354998469353]], "lin_end.bias": [-0.1357291042804718]}