{"lin1.weight": [[0.8082733750343323, 0.8098387122154236], [0.345173716545105, -0.6140418648719788], [-0.8181066513061523, 0.4368875324726105], [-0.42604002356529236, 0.37333059310913086], [1.2631640434265137, 0.5736789703369141], [-0.04574037343263626, 0.30681756138801575], [-1.1976728439331055, -0.7598234415054321], [-1.1307086944580078, -0.09985771775245667], [0.652459442615509, -0.4853335916996002], [-0.12909770011901855, -0.709301233291626]], "lin1.bias": [-0.2408287227153778, -0.72419273853302, 0.2364952266216278, -0.0793469175696373, 0.004795006010681391, 0.3983420729637146, -0.06535225361585617, -0.06935689598321915, -0.5375823378562927, 0.597626805305481], "lin_end.weight": [[1.0875240564346313, -0.2414359748363495, -0.45245516300201416, -0.0982043594121933, 1.3135229349136353, 0.17662276327610016, -1.4356683492660522, -1.03584623336792, 0.08851172775030136, -0.45578518509864807]], "lin_end.bias": [-0.22013342380523682]}