{"lin1.weight": [[0.6800816059112549, 0.778544008731842], [0.36826759576797485, -0.604665994644165], [-0.7842434644699097, 0.4284609854221344], [-0.42013847827911377, 0.37173667550086975], [1.166214108467102, 0.5127689838409424], [-0.0647645965218544, 0.304107129573822], [-1.0863288640975952, -0.6800437569618225], [-1.0567481517791748, -0.0907752737402916], [0.646120548248291, -0.4854995310306549], [-0.07574462890625, -0.733883261680603]], "lin1.bias": [-0.2674274742603302, -0.7182366847991943, 0.24158966541290283, -0.07941585779190063, 0.01864101178944111, 0.39948970079421997, -0.08381139487028122, -0.07859937846660614, -0.5391725897789001, 0.6064589023590088], "lin_end.weight": [[1.0311293601989746, -0.23994478583335876, -0.34328708052635193, -0.023901360109448433, 1.2214655876159668, 0.21491773426532745, -1.283023476600647, -0.908893883228302, 0.05550134927034378, -0.4319741427898407]], "lin_end.bias": [-0.16232816874980927]}