{"lin1.weight": [[0.5334451794624329, 0.7103341817855835], [0.39578235149383545, -0.5809719562530518], [-0.7469320893287659, 0.44589975476264954], [-0.42098140716552734, 0.37122514843940735], [1.0471739768981934, 0.41696372628211975], [-0.09442827850580215, 0.28574705123901367], [-0.958791971206665, -0.5757667422294617], [-0.9626113176345825, -0.03766174986958504], [0.6412727236747742, -0.4886454939842224], [-0.008962033316493034, -0.7302009463310242]], "lin1.bias": [-0.28752270340919495, -0.7127974033355713, 0.25015145540237427, -0.07942336052656174, 0.03671007230877876, 0.40031105279922485, -0.11250340193510056, -0.08225905895233154, -0.5404703617095947, 0.6189717054367065], "lin_end.weight": [[0.9091557264328003, -0.2215794324874878, -0.2512267827987671, 0.030727528035640717, 1.06056809425354, 0.22477801144123077, -1.082817554473877, -0.7530679702758789, 0.027334867045283318, -0.3765326738357544]], "lin_end.bias": [-0.12650947272777557]}