{"lin1.weight": [[0.49851369857788086, 0.6967611908912659], [0.40231621265411377, -0.5755150318145752], [-0.7392491102218628, 0.4499768018722534], [-0.42265257239341736, 0.37052690982818604], [1.0166373252868652, 0.3980766534805298], [-0.10265162587165833, 0.2809616029262543], [-0.9270288944244385, -0.5566185116767883], [-0.93976891040802, -0.026030080392956734], [0.6405158042907715, -0.48916587233543396], [0.006327498704195023, -0.7285921573638916]], "lin1.bias": [-0.289752334356308, -0.711942732334137, 0.2515481114387512, -0.07945908606052399, 0.041540514677762985, 0.4008556008338928, -0.11995949596166611, -0.0835607722401619, -0.5406206250190735, 0.6207456588745117], "lin_end.weight": [[0.8843628168106079, -0.2167465090751648, -0.22502410411834717, 0.04778440669178963, 1.0243949890136719, 0.23171178996562958, -1.0322562456130981, -0.7113119959831238, 0.021742967888712883, -0.3594985902309418]], "lin_end.bias": [-0.11189927905797958]}