{"lin1.weight": [[0.33628690242767334, -0.022181879729032516], [0.15316905081272125, 0.36186569929122925], [0.38003095984458923, -0.15874424576759338], [0.2480054646730423, -0.4312261939048767], [-0.03247028961777687, 0.1715753972530365], [-0.3255874216556549, -0.14666008949279785], [0.49450603127479553, -0.1578555852174759], [0.6554812788963318, -0.4456194341182709], [0.6960363984107971, 0.38483715057373047], [0.5944706797599792, 0.5575862526893616]], "lin1.bias": [0.4457034468650818, -0.4829046428203583, -0.038964200764894485, -0.008050451055169106, -0.645057737827301, -0.22118423879146576, 0.6282957792282104, 0.6677948236465454, -0.5261783599853516, 0.40202659368515015], "lin_end.weight": [[0.24694964289665222, 0.05473652482032776, 0.3005231022834778, 0.11470507830381393, 0.11684902012348175, -0.20896494388580322, 0.03723892569541931, -0.042597219347953796, -0.053675200790166855, -0.03801189363002777]], "lin_end.bias": [-0.2179228663444519]}