{"lin1.weight": [[0.07337707281112671, 0.3353867828845978], [0.484283983707428, -0.460347443819046], [-0.6423100233078003, 0.5547419786453247], [-0.49769216775894165, 0.30194276571273804], [0.615258514881134, -0.018797101452946663], [-0.24709822237491608, 0.12416526675224304], [-0.5448483824729919, -0.17205458879470825], [-0.6490002274513245, 0.2551300525665283], [0.6374738216400146, -0.4929172992706299], [0.15772654116153717, -0.6443979144096375]], "lin1.bias": [-0.3410223722457886, -0.699891984462738, 0.27805978059768677, -0.08835949003696442, 0.03306224197149277, 0.39679989218711853, -0.15422269701957703, -0.051375117152929306, -0.5413556694984436, 0.6533888578414917], "lin_end.weight": [[0.3710542321205139, -0.11674132198095322, -0.1277799755334854, 0.14531022310256958, 0.36455243825912476, 0.20690438151359558, -0.32342225313186646, -0.2574577331542969, -0.017317917197942734, -0.06566047668457031]], "lin_end.bias": [-0.12072499841451645]}