{"lin1.weight": [[0.33370262384414673, -0.022324422374367714], [0.15266743302345276, 0.36194169521331787], [0.37711018323898315, -0.15895283222198486], [0.24684320390224457, -0.4312992990016937], [-0.03357011824846268, 0.17165051400661469], [-0.32348209619522095, -0.14643819630146027], [0.4941194951534271, -0.15784692764282227], [0.6559466123580933, -0.44569119811058044], [0.6964216232299805, 0.38478586077690125], [0.5948807001113892, 0.5576922297477722]], "lin1.bias": [0.44616594910621643, -0.4828834533691406, -0.03869660571217537, -0.008015528321266174, -0.6448931694030762, -0.22147704660892487, 0.6283707618713379, 0.6677238345146179, -0.5260711908340454, 0.4020159840583801], "lin_end.weight": [[0.24748502671718597, 0.055894892662763596, 0.29999399185180664, 0.11568022519350052, 0.11936236917972565, -0.20267146825790405, 0.03646783158183098, -0.04527704417705536, -0.05680957809090614, -0.0412553995847702]], "lin_end.bias": [-0.21151648461818695]}