{"lin1.weight": [[0.6316931843757629, 0.7563449144363403], [0.3773755431175232, -0.5972805619239807], [-0.7711594104766846, 0.4334532916545868], [-0.4194418787956238, 0.3719246983528137], [1.1282228231430054, 0.4810370206832886], [-0.07383047044277191, 0.2988969683647156], [-1.0450071096420288, -0.6442819237709045], [-1.0260549783706665, -0.07455307245254517], [0.644208550453186, -0.48662999272346497], [-0.05349830910563469, -0.734093964099884]], "lin1.bias": [-0.2747262120246887, -0.7162917256355286, 0.2445266842842102, -0.07935621589422226, 0.025296514853835106, 0.3997371196746826, -0.09374839812517166, -0.08045283704996109, -0.5397000312805176, 0.6108353137969971], "lin_end.weight": [[0.9918451905250549, -0.23424123227596283, -0.31197404861450195, -0.005308006424456835, 1.1702739000320435, 0.2186821848154068, -1.2181113958358765, -0.8585196733474731, 0.0457548126578331, -0.41508570313453674]], "lin_end.bias": [-0.15004390478134155]}