{"lin1.weight": [[0.5162258744239807, 0.7069001197814941], [0.3988957405090332, -0.5789788961410522], [-0.7433309555053711, 0.44701293110847473], [-0.42170897126197815, 0.37107694149017334], [1.0318905115127563, 0.4105728566646576], [-0.09834197908639908, 0.2842857539653778], [-0.942594051361084, -0.5691094994544983], [-0.9515408277511597, -0.03430870920419693], [0.6408955454826355, -0.4888302683830261], [-0.001683560898527503, -0.7310144305229187]], "lin1.bias": [-0.28678983449935913, -0.7127610445022583, 0.25026488304138184, -0.0793214738368988, 0.04084772989153862, 0.4011443555355072, -0.11780998110771179, -0.0844869315624237, -0.5404942631721497, 0.6188099980354309], "lin_end.weight": [[0.9047514796257019, -0.2172795683145523, -0.23076972365379333, 0.045759402215480804, 1.0501912832260132, 0.23592349886894226, -1.0547415018081665, -0.7276923060417175, 0.02729913406074047, -0.3638885021209717]], "lin_end.bias": [-0.10812075436115265]}