{"lin1.weight": [[0.23294344544410706, 0.4821476638317108], [0.4517354369163513, -0.5077975988388062], [-0.6824093461036682, 0.5086734890937805], [-0.45370179414749146, 0.34396687150001526], [0.7695735096931458, 0.14239951968193054], [-0.1803065985441208, 0.19945451617240906], [-0.6853240132331848, -0.3143061399459839], [-0.7579107880592346, 0.14572873711585999], [0.6362714767456055, -0.4944637715816498], [0.11453068256378174, -0.6730375289916992]], "lin1.bias": [-0.3207303583621979, -0.7054215669631958, 0.26667723059654236, -0.08257991075515747, 0.04667242243885994, 0.40108737349510193, -0.1523847132921219, -0.06844519078731537, -0.5417049527168274, 0.6433334946632385], "lin_end.weight": [[0.572819173336029, -0.14320483803749084, -0.1310790479183197, 0.10685065388679504, 0.6366336941719055, 0.21486185491085052, -0.5943720936775208, -0.41189178824424744, 0.00651524169370532, -0.17870302498340607]], "lin_end.bias": [-0.08377478271722794]}