{"lin1.weight": [[0.5882928967475891, 0.7374042868614197], [0.38538646697998047, -0.5905054211616516], [-0.760262131690979, 0.43812862038612366], [-0.41950249671936035, 0.371968537569046], [1.0932189226150513, 0.4530390799045563], [-0.08229828625917435, 0.2939862012863159], [-1.0070912837982178, -0.6133280992507935], [-0.9985557794570923, -0.05974259600043297], [0.6428064703941345, -0.4874958395957947], [-0.03384300693869591, -0.7341855764389038]], "lin1.bias": [-0.2802063226699829, -0.7148370742797852, 0.24681369960308075, -0.07930482923984528, 0.0312664732336998, 0.4002853333950043, -0.10285719484090805, -0.08221334218978882, -0.5400445461273193, 0.6141308546066284], "lin_end.weight": [[0.9602249264717102, -0.22718457877635956, -0.2809211015701294, 0.014391370117664337, 1.1271806955337524, 0.22589324414730072, -1.1569873094558716, -0.8101782202720642, 0.039537038654088974, -0.39644885063171387]], "lin_end.bias": [-0.13298681378364563]}