{"lin1.weight": [[0.32638704776763916, -0.02266511507332325], [0.15112829208374023, 0.36208459734916687], [0.3685055673122406, -0.15950699150562286], [0.24340710043907166, -0.43151506781578064], [-0.036924395710229874, 0.17177557945251465], [-0.3177502155303955, -0.14598067104816437], [0.49314528703689575, -0.1578463464975357], [0.6573842763900757, -0.4458378255367279], [0.6978813409805298, 0.3846462666988373], [0.5962434411048889, 0.5579071640968323]], "lin1.bias": [0.44724586606025696, -0.48286235332489014, -0.038173574954271317, -0.007958024740219116, -0.6445547938346863, -0.22210238873958588, 0.6285507082939148, 0.667479932308197, -0.5257603526115417, 0.4019356071949005], "lin_end.weight": [[0.24542319774627686, 0.056561823934316635, 0.2953142821788788, 0.11527060717344284, 0.12454339116811752, -0.1873248666524887, 0.030526399612426758, -0.05616067349910736, -0.06969654560089111, -0.053207166492938995]], "lin_end.bias": [-0.1991596817970276]}