{"lin1.weight": [[0.3324333727359772, 0.5662164688110352], [0.43311989307403564, -0.5339540243148804], [-0.7037771940231323, 0.48558130860328674], [-0.43820953369140625, 0.357619971036911], [0.8658122420310974, 0.2409418672323227], [-0.14810514450073242, 0.23401448130607605], [-0.7774202227592468, -0.4055864214897156], [-0.8267560601234436, 0.07951761782169342], [0.6375374794006348, -0.4928126931190491], [0.07766565680503845, -0.6941757798194885]], "lin1.bias": [-0.3078947365283966, -0.7081587910652161, 0.26070165634155273, -0.08085273206233978, 0.050305742770433426, 0.4017847180366516, -0.14571775496006012, -0.07688476890325546, -0.541355311870575, 0.6352057456970215], "lin_end.weight": [[0.6937412023544312, -0.16755028069019318, -0.1577087938785553, 0.08618639409542084, 0.7914740443229675, 0.22307859361171722, -0.7604979276657104, -0.5210211873054504, 0.015194789506494999, -0.2455422431230545]], "lin_end.bias": [-0.08408929407596588]}