{"lin1.weight": [[0.16706058382987976, 0.41849446296691895], [0.4643371105194092, -0.48850753903388977], [-0.6676719784736633, 0.5263584852218628], [-0.46837639808654785, 0.3292525112628937], [0.7049515843391418, 0.0709969699382782], [-0.2050807923078537, 0.1700330376625061], [-0.6259346008300781, -0.25058525800704956], [-0.712726354598999, 0.19333070516586304], [0.6359232068061829, -0.4949629306793213], [0.13525809347629547, -0.6586965918540955]], "lin1.bias": [-0.3297983407974243, -0.7034571170806885, 0.27091503143310547, -0.08454697579145432, 0.04150659218430519, 0.39979249238967896, -0.15408578515052795, -0.06145710498094559, -0.541801929473877, 0.6483162641525269], "lin_end.weight": [[0.48473280668258667, -0.12673939764499664, -0.12929154932498932, 0.11577582359313965, 0.5256240963935852, 0.20577524602413177, -0.483043372631073, -0.34765535593032837, 0.0017871583113446832, -0.12986069917678833]], "lin_end.bias": [-0.0960894525051117]}