{"lin1.weight": [[0.3121103048324585, -0.023689910769462585], [0.14813187718391418, 0.36234578490257263], [0.35201314091682434, -0.16099585592746735], [0.23665080964565277, -0.4320884048938751], [-0.043879877775907516, 0.17195262014865875], [-0.307777464389801, -0.14482639729976654], [0.4917178452014923, -0.15789365768432617], [0.6611590385437012, -0.446249783039093], [0.7014618515968323, 0.3843455910682678], [0.6000236868858337, 0.5586844682693481]], "lin1.bias": [0.4492672383785248, -0.4828515350818634, -0.0372452512383461, -0.007923399098217487, -0.6438602209091187, -0.22312858700752258, 0.6287968158721924, 0.6669245958328247, -0.5248533487319946, 0.4018014967441559], "lin_end.weight": [[0.24196799099445343, 0.057697296142578125, 0.2871403694152832, 0.11540217697620392, 0.13476821780204773, -0.15747439861297607, 0.01886150613427162, -0.0778292566537857, -0.09474789351224899, -0.07833589613437653]], "lin_end.bias": [-0.1749839186668396]}