{"lin1.weight": [[0.1643807590007782, 0.41547802090644836], [0.46489641070365906, -0.4876358211040497], [-0.6669771075248718, 0.527235746383667], [-0.46905517578125, 0.32848384976387024], [0.7023050785064697, 0.06765912473201752], [-0.2061745971441269, 0.16859644651412964], [-0.6235396862030029, -0.2475915551185608], [-0.7108433842658997, 0.1955631673336029], [0.6359147429466248, -0.49497514963150024], [0.13600631058216095, -0.6580609083175659]], "lin1.bias": [-0.33020108938217163, -0.7033929824829102, 0.27107688784599304, -0.0846279114484787, 0.04128580540418625, 0.3997337520122528, -0.1541168987751007, -0.06119712442159653, -0.5418038368225098, 0.6485134959220886], "lin_end.weight": [[0.48077255487442017, -0.1258898377418518, -0.1297082006931305, 0.11593145877122879, 0.5209129452705383, 0.2053263783454895, -0.4782554507255554, -0.34527063369750977, 0.0017706284997984767, -0.12732574343681335]], "lin_end.bias": [-0.09677416831254959]}