{"lin1.weight": [[0.754972517490387, 0.798102617263794], [0.35479938983917236, -0.611005425453186], [-0.8033422827720642, 0.43088600039482117], [-0.4228304624557495, 0.372089684009552], [1.2235304117202759, 0.5502378940582275], [-0.05303607136011124, 0.3065330982208252], [-1.1516287326812744, -0.7272716760635376], [-1.100311517715454, -0.09965492784976959], [0.6494819521903992, -0.4850630760192871], [-0.10709144175052643, -0.7213776707649231]], "lin1.bias": [-0.25351038575172424, -0.7212648987770081, 0.23898343741893768, -0.07935057580471039, 0.009695733897387981, 0.3984861969947815, -0.07168246805667877, -0.0729166641831398, -0.5384230613708496, 0.6017650961875916], "lin_end.weight": [[1.0636868476867676, -0.24439875781536102, -0.40848925709724426, -0.06865355372428894, 1.2748758792877197, 0.19040611386299133, -1.3770047426223755, -0.9869207739830017, 0.07110049575567245, -0.4517269730567932]], "lin_end.bias": [-0.20141445100307465]}