{"lin1.weight": [[0.3613582253456116, 0.5950379967689514], [0.42794060707092285, -0.5425573587417603], [-0.7098602652549744, 0.47810083627700806], [-0.43459802865982056, 0.3612387478351593], [0.8926520943641663, 0.2746296525001526], [-0.13954801857471466, 0.24482561647891998], [-0.8032511472702026, -0.4373353123664856], [-0.846653401851654, 0.05704370141029358], [0.6380544304847717, -0.49204686284065247], [0.06579678505659103, -0.7019026279449463]], "lin1.bias": [-0.30418264865875244, -0.7087973356246948, 0.25891825556755066, -0.08042597770690918, 0.05006231367588043, 0.4017573297023773, -0.14210741221904755, -0.07909517735242844, -0.5412136316299438, 0.6323410868644714], "lin_end.weight": [[0.7325213551521301, -0.1795191913843155, -0.16378967463970184, 0.0828017070889473, 0.8361504673957825, 0.22723288834095, -0.8110144734382629, -0.5530117154121399, 0.013145897537469864, -0.26955607533454895]], "lin_end.bias": [-0.08641860634088516]}