{"lin1.weight": [[0.27973058819770813, 0.5195122957229614], [0.4428648352622986, -0.5196961164474487], [-0.6923994421958923, 0.49834102392196655], [-0.44559985399246216, 0.35082000494003296], [0.8153969049453735, 0.1865941435098648], [-0.1644798219203949, 0.21566429734230042], [-0.7289533019065857, -0.3549811542034149], [-0.7901427149772644, 0.1163189560174942], [0.6367696523666382, -0.4938420057296753], [0.09807473421096802, -0.6818429827690125]], "lin1.bias": [-0.31525254249572754, -0.7066313624382019, 0.264079749584198, -0.08180640637874603, 0.04848084971308708, 0.40125852823257446, -0.1496325433254242, -0.07203113287687302, -0.5415781140327454, 0.6400075554847717], "lin_end.weight": [[0.6251125931739807, -0.15412680804729462, -0.14768889546394348, 0.0926559790968895, 0.7068003416061401, 0.21409237384796143, -0.6744014024734497, -0.4659452736377716, 0.01079434622079134, -0.2112826257944107]], "lin_end.bias": [-0.08854218572378159]}