{"lin1.weight": [[0.7262139916419983, 0.7870376110076904], [0.3598114252090454, -0.6079118847846985], [-0.79587721824646, 0.43043646216392517], [-0.42156490683555603, 0.37194356322288513], [1.2022660970687866, 0.5317482948303223], [-0.05729077011346817, 0.30508679151535034], [-1.1272326707839966, -0.7043702006340027], [-1.083785891532898, -0.0941724181175232], [0.6481184363365173, -0.48538944125175476], [-0.09476159512996674, -0.7256959080696106]], "lin1.bias": [-0.25811681151390076, -0.7202690243721008, 0.23987936973571777, -0.07943279296159744, 0.014557817950844765, 0.39906182885169983, -0.07819492369890213, -0.07575076073408127, -0.5387004017829895, 0.6035493612289429], "lin_end.weight": [[1.0507962703704834, -0.2394094318151474, -0.3824005424976349, -0.05041562765836716, 1.2555245161056519, 0.20149917900562286, -1.3372503519058228, -0.9551490545272827, 0.06826338171958923, -0.4400078356266022]], "lin_end.bias": [-0.1822001338005066]}