{"lin1.weight": [[0.5505169630050659, 0.7256737947463989], [0.3924849033355713, -0.5857031941413879], [-0.7514033913612366, 0.4415113925933838], [-0.4203524887561798, 0.37174928188323975], [1.0607900619506836, 0.4351331889629364], [-0.09045872092247009, 0.2902911305427551], [-0.9725696444511414, -0.5944622755050659], [-0.9741529226303101, -0.049651894718408585], [0.6417487263679504, -0.48805975914001465], [-0.017396334558725357, -0.7341914772987366]], "lin1.bias": [-0.28495943546295166, -0.713424026966095, 0.24876803159713745, -0.07933856546878815, 0.034551091492176056, 0.4003826379776001, -0.10863365232944489, -0.0826709195971489, -0.5403231978416443, 0.6166540384292603], "lin_end.weight": [[0.9325404763221741, -0.22677068412303925, -0.2558290958404541, 0.029726652428507805, 1.0864959955215454, 0.22924785315990448, -1.109116554260254, -0.7704969644546509, 0.028686055913567543, -0.38638269901275635]], "lin_end.bias": [-0.12550407648086548]}