{"lin1.weight": [[0.45128288865089417, 0.6628233194351196], [0.4110100269317627, -0.5645314455032349], [-0.7288736701011658, 0.45956099033355713], [-0.4258240759372711, 0.3682277202606201], [0.974907636642456, 0.35582107305526733], [-0.11460825800895691, 0.26955029368400574], [-0.8847084045410156, -0.5151124000549316], [-0.9079911708831787, 0.0020839758217334747], [0.6394867300987244, -0.4903489053249359], [0.02731175348162651, -0.7201379537582397]], "lin1.bias": [-0.29406294226646423, -0.7110153436660767, 0.2539653480052948, -0.07964981347322464, 0.046171776950359344, 0.40146565437316895, -0.12929457426071167, -0.08306101709604263, -0.5408520698547363, 0.624574601650238], "lin_end.weight": [[0.8349736928939819, -0.20252153277397156, -0.20042642951011658, 0.062090031802654266, 0.9635748863220215, 0.23284199833869934, -0.955239474773407, -0.6551375389099121, 0.020356986671686172, -0.3270494043827057]], "lin_end.bias": [-0.0979863777756691]}