{"lin1.weight": [[-0.010188876651227474, 0.2621701955795288], [0.5073267221450806, -0.42970722913742065], [-0.6106096506118774, 0.5890983939170837], [-0.5418360829353333, 0.2615817189216614], [0.5449455976486206, -0.08730337768793106], [-0.29903802275657654, 0.06974390149116516], [-0.48449045419692993, -0.11512354016304016], [-0.5935772061347961, 0.3078443706035614], [0.644076406955719, -0.4847707450389862], [0.16600491106510162, -0.6388987898826599]], "lin1.bias": [-0.34945034980773926, -0.6955140829086304, 0.28625011444091797, -0.09387457370758057, 0.02577781304717064, 0.3917834162712097, -0.15292653441429138, -0.04265928640961647, -0.5395371913909912, 0.6552581787109375], "lin_end.weight": [[0.27803048491477966, -0.12536676228046417, -0.14080631732940674, 0.1958618462085724, 0.20983938872814178, 0.22868865728378296, -0.17370542883872986, -0.18306420743465424, -0.05071292445063591, -0.004197097383439541]], "lin_end.bias": [-0.15785494446754456]}