{"lin1.weight": [[0.5742142796516418, 0.7332267761230469], [0.3879288136959076, -0.58879554271698], [-0.7571048736572266, 0.439163476228714], [-0.4197615087032318, 0.37190771102905273], [1.0811786651611328, 0.4459780156612396], [-0.08523045480251312, 0.29271435737609863], [-0.9941068887710571, -0.6057931780815125], [-0.9896790981292725, -0.05609205365180969], [0.6423887014389038, -0.48770469427108765], [-0.027886556461453438, -0.7346639037132263]], "lin1.bias": [-0.28166601061820984, -0.7144731283187866, 0.24731479585170746, -0.07929767668247223, 0.0328257791697979, 0.40053582191467285, -0.10536204278469086, -0.08281232416629791, -0.540131151676178, 0.6147873997688293], "lin_end.weight": [[0.9522907733917236, -0.22564207017421722, -0.26935169100761414, 0.022158203646540642, 1.114640235900879, 0.22976911067962646, -1.137466549873352, -0.7938100099563599, 0.03717898577451706, -0.3905804753303528]], "lin_end.bias": [-0.125946506857872]}