{"lin1.weight": [[0.2509213089942932, 0.4972192049026489], [0.4484938383102417, -0.5126385688781738], [-0.6861129403114319, 0.5045461058616638], [-0.4503770172595978, 0.34690672159194946], [0.7871248722076416, 0.16021567583084106], [-0.174161896109581, 0.20617049932479858], [-0.7019442915916443, -0.3305475115776062], [-0.7701368927955627, 0.134018674492836], [0.6364406943321228, -0.4942333400249481], [0.10828835517168045, -0.6764243245124817]], "lin1.bias": [-0.3193153142929077, -0.7057685852050781, 0.2657301723957062, -0.0823277086019516, 0.0468607172369957, 0.4009278118610382, -0.15069431066513062, -0.06962179392576218, -0.5416629910469055, 0.6422122716903687], "lin_end.weight": [[0.5912171006202698, -0.15006160736083984, -0.1391303986310959, 0.09929507225751877, 0.6611169576644897, 0.211702361702919, -0.6277827024459839, -0.43471673130989075, 0.005179573781788349, -0.19505859911441803]], "lin_end.bias": [-0.09052329510450363]}