{"lin1.weight": [[0.014593688771128654, 0.2823970317840576], [0.4996381103992462, -0.43945327401161194], [-0.6212818622589111, 0.5780360698699951], [-0.5260621905326843, 0.27519887685775757], [0.5638777613639832, -0.07010428607463837], [-0.2815365195274353, 0.08698365092277527], [-0.5003458857536316, -0.12898226082324982], [-0.609686553478241, 0.2934422492980957], [0.6411657929420471, -0.48822876811027527], [0.16506880521774292, -0.6394670009613037]], "lin1.bias": [-0.3472038805484772, -0.697114109992981, 0.28343215584754944, -0.09188435971736908, 0.027766160666942596, 0.39365535974502563, -0.15332213044166565, -0.045238640159368515, -0.5403679609298706, 0.6550542712211609], "lin_end.weight": [[0.30310288071632385, -0.11892250925302505, -0.13692274689674377, 0.17598989605903625, 0.2574743926525116, 0.21871322393417358, -0.21854454278945923, -0.20545372366905212, -0.036899883300065994, -0.02050546556711197]], "lin_end.bias": [-0.14492391049861908]}