{"lin1.weight": [[0.7124974727630615, 0.7828342318534851], [0.36244991421699524, -0.6065995097160339], [-0.7918320894241333, 0.4307902455329895], [-0.42096593976020813, 0.3719731867313385], [1.1914337873458862, 0.525102972984314], [-0.0595766082406044, 0.304394006729126], [-1.1151411533355713, -0.6963333487510681], [-1.0751336812973022, -0.091684989631176], [0.6474214196205139, -0.4855838716030121], [-0.08869931846857071, -0.7267792820930481]], "lin1.bias": [-0.26233938336372375, -0.7192291617393494, 0.24134202301502228, -0.0793098658323288, 0.014048011973500252, 0.3986862599849701, -0.07822404056787491, -0.07477642595767975, -0.5389996767044067, 0.6054354310035706], "lin_end.weight": [[1.0376319885253906, -0.24240650236606598, -0.37724488973617554, -0.04845312610268593, 1.237996220588684, 0.1981336921453476, -1.324718713760376, -0.9456861019134521, 0.0607658252120018, -0.44267553091049194]], "lin_end.bias": [-0.18751190602779388]}