{"lin1.weight": [[0.11168459802865982, 0.3695901036262512], [0.4757802486419678, -0.47263991832733154], [-0.653407871723175, 0.5421746969223022], [-0.4840148985385895, 0.3147708773612976], [0.6511464715003967, 0.017419178038835526], [-0.2286963313817978, 0.14453868567943573], [-0.5770918130874634, -0.2035345733165741], [-0.6748741865158081, 0.22987927496433258], [0.636366069316864, -0.49439507722854614], [0.1496206372976303, -0.6494801044464111]], "lin1.bias": [-0.3367575705051422, -0.7014632225036621, 0.2748742401599884, -0.08657605201005936, 0.03659568727016449, 0.3981335461139679, -0.15434148907661438, -0.05559390410780907, -0.5416780710220337, 0.6515612602233887], "lin_end.weight": [[0.41595321893692017, -0.12127498537302017, -0.12730640172958374, 0.13018056750297546, 0.4299936592578888, 0.2032119482755661, -0.39078572392463684, -0.294515460729599, -0.010302185080945492, -0.09411021322011948]], "lin_end.bias": [-0.11164486408233643]}