{"lin1.weight": [[0.44445401430130005, 0.6581719517707825], [0.41234979033470154, -0.563003659248352], [-0.7273332476615906, 0.46088266372680664], [-0.4263708293437958, 0.3678404688835144], [0.9687963724136353, 0.35030558705329895], [-0.11644664406776428, 0.2679119110107422], [-0.8786327242851257, -0.5097363591194153], [-0.9033147692680359, 0.0058570969849824905], [0.6393479704856873, -0.4904916286468506], [0.03030664287507534, -0.7188658118247986]], "lin1.bias": [-0.2952021360397339, -0.7107475399971008, 0.25442323088645935, -0.07972686737775803, 0.046259503811597824, 0.4013640880584717, -0.12998177111148834, -0.08262384682893753, -0.5408945083618164, 0.6253048181533813], "lin_end.weight": [[0.8265016674995422, -0.2019083946943283, -0.1984737366437912, 0.06272750347852707, 0.9529978036880493, 0.23111850023269653, -0.9457537531852722, -0.6484572887420654, 0.01854364573955536, -0.32456091046333313]], "lin_end.bias": [-0.09937528520822525]}