{"lin1.weight": [[-0.0021262886002659798, 0.26754331588745117], [0.5046712160110474, -0.4325129985809326], [-0.614183247089386, 0.58591228723526], [-0.5364065170288086, 0.26551997661590576], [0.5508679151535034, -0.08288401365280151], [-0.29304826259613037, 0.0745844617486], [-0.48942726850509644, -0.11860973387956619], [-0.598731517791748, 0.3039700388908386], [0.6429937481880188, -0.48586636781692505], [0.16585202515125275, -0.6389726400375366]], "lin1.bias": [-0.3488190770149231, -0.696083664894104, 0.28535196185112, -0.0932609960436821, 0.026345515623688698, 0.3924238085746765, -0.1530381590127945, -0.043408188968896866, -0.5398404002189636, 0.655230700969696], "lin_end.weight": [[0.2847886383533478, -0.12115447968244553, -0.1419980227947235, 0.18769438564777374, 0.22580508887767792, 0.22456075251102448, -0.1880720853805542, -0.19171050190925598, -0.04386947676539421, -0.0073895761743187904]], "lin_end.bias": [-0.153702050447464]}