{"lin1.weight": [[0.31966468691825867, -0.02413548156619072], [0.14975087344646454, 0.3619946837425232], [0.36067795753479004, -0.16135422885417938], [0.24021871387958527, -0.4322403073310852], [-0.040096137672662735, 0.17136110365390778], [-0.3128698766231537, -0.1447450816631317], [0.4923863410949707, -0.15797099471092224], [0.6589904427528381, -0.44573208689689636], [0.6993803381919861, 0.38475385308265686], [0.5978237390518188, 0.5584567785263062]], "lin1.bias": [0.44821709394454956, -0.4828716814517975, -0.037676215171813965, -0.007897021248936653, -0.6442518830299377, -0.22261656820774078, 0.6286833882331848, 0.6672369837760925, -0.5253397226333618, 0.40187695622444153], "lin_end.weight": [[0.24396640062332153, 0.05582699179649353, 0.2921277582645416, 0.1171426922082901, 0.1287432312965393, -0.17254602909088135, 0.025886066257953644, -0.06422402709722519, -0.08245286345481873, -0.0668439045548439]], "lin_end.bias": [-0.18753980100154877]}