{"lin1.weight": [[0.8203716278076172, 0.813858151435852], [0.34287989139556885, -0.6149729490280151], [-0.822078287601471, 0.4375903010368347], [-0.4270062744617462, 0.37348654866218567], [1.2721971273422241, 0.5799247026443481], [-0.044061776250600815, 0.3071140646934509], [-1.207985520362854, -0.7681930661201477], [-1.1381030082702637, -0.10097216814756393], [0.6533088684082031, -0.4852715730667114], [-0.13435566425323486, -0.707527756690979]], "lin1.bias": [-0.23669609427452087, -0.7251836657524109, 0.2350841909646988, -0.0795457661151886, 0.005058136768639088, 0.39863377809524536, -0.06531743705272675, -0.06996893882751465, -0.5372118949890137, 0.5958605408668518], "lin_end.weight": [[1.0985690355300903, -0.23863039910793304, -0.4577762484550476, -0.10056880861520767, 1.3278871774673462, 0.17896483838558197, -1.4464645385742188, -1.043790578842163, 0.09534607827663422, -0.45289522409439087]], "lin_end.bias": [-0.21602775156497955]}