{"lin1.weight": [[0.6962096095085144, 0.7829387784004211], [0.36527276039123535, -0.6061258912086487], [-0.7882413864135742, 0.4286423623561859], [-0.42058226466178894, 0.3717236816883087], [1.178719401359558, 0.521346926689148], [-0.06214836612343788, 0.3047538697719574], [-1.100559949874878, -0.6905775666236877], [-1.0661404132843018, -0.09340446442365646], [0.6467509269714355, -0.48539018630981445], [-0.08243489265441895, -0.7315084338188171]], "lin1.bias": [-0.26324984431266785, -0.7190406322479248, 0.24076327681541443, -0.07946062833070755, 0.018215425312519073, 0.3994351029396057, -0.08282510936260223, -0.07835943251848221, -0.5389953255653381, 0.6050472855567932], "lin_end.weight": [[1.040014386177063, -0.23979486525058746, -0.35497617721557617, -0.031488705426454544, 1.2352807521820068, 0.21206623315811157, -1.3018391132354736, -0.9240162372589111, 0.06012411788105965, -0.4341092109680176]], "lin_end.bias": [-0.1669270545244217]}