{"lin1.weight": [[0.37995436787605286, 0.6105598211288452], [0.4244997799396515, -0.5474526882171631], [-0.7136504650115967, 0.4740585684776306], [-0.43242892622947693, 0.36312586069107056], [0.9097975492477417, 0.2928653359413147], [-0.1341509073972702, 0.25067266821861267], [-0.8199248909950256, -0.4545673429965973], [-0.859280526638031, 0.04480873793363571], [0.6383263468742371, -0.4916953146457672], [0.058050140738487244, -0.706091046333313]], "lin1.bias": [-0.30301031470298767, -0.7090367674827576, 0.25810012221336365, -0.0803050696849823, 0.048369698226451874, 0.4014456868171692, -0.13850821554660797, -0.07939224690198898, -0.5411603450775146, 0.631022036075592], "lin_end.weight": [[0.7527276873588562, -0.186822310090065, -0.17295119166374207, 0.07672634720802307, 0.860762894153595, 0.2258031666278839, -0.8440239429473877, -0.5763728022575378, 0.011917962692677975, -0.2859005928039551]], "lin_end.bias": [-0.09347990155220032]}