{"lin1.weight": [[0.299140602350235, -0.024708926677703857], [0.14531998336315155, 0.36246636509895325], [0.3370376229286194, -0.16270507872104645], [0.2305372804403305, -0.4327648878097534], [-0.0509171299636364, 0.17190848290920258], [-0.2998054027557373, -0.14388640224933624], [0.49129295349121094, -0.1579088568687439], [0.6662084460258484, -0.44666892290115356], [0.7060280442237854, 0.3843338191509247], [0.6048687100410461, 0.5596351623535156]], "lin1.bias": [0.4501368999481201, -0.48303791880607605, -0.03761384263634682, -0.008377840742468834, -0.6437051296234131, -0.2233973741531372, 0.6288508772850037, 0.6666420102119446, -0.5234297513961792, 0.4018245041370392], "lin_end.weight": [[0.22880302369594574, 0.05153161659836769, 0.27186116576194763, 0.1076844185590744, 0.1385166198015213, -0.1375734508037567, -0.0034367768093943596, -0.1099456176161766, -0.1264095902442932, -0.11212712526321411]], "lin_end.bias": [-0.1697617471218109]}