{"lin1.weight": [[0.2228715568780899, 0.4754023253917694], [0.45364508032798767, -0.5055925846099854], [-0.680370032787323, 0.5105669498443604], [-0.45568859577178955, 0.34250035881996155], [0.7596669793128967, 0.13465331494808197], [-0.1839151531457901, 0.1963552087545395], [-0.6760460138320923, -0.30747511982917786], [-0.7511649131774902, 0.15097647905349731], [0.6362096071243286, -0.4945301115512848], [0.11783608794212341, -0.6714499592781067]], "lin1.bias": [-0.321753591299057, -0.7051076292991638, 0.2672163248062134, -0.0827842578291893, 0.046240925788879395, 0.4009503126144409, -0.15288694202899933, -0.06766466051340103, -0.5417218208312988, 0.643915057182312], "lin_end.weight": [[0.5623689293861389, -0.14280474185943604, -0.12714479863643646, 0.11033911257982254, 0.6211673617362976, 0.21500729024410248, -0.5786056518554688, -0.40062615275382996, 0.003708555828779936, -0.17379996180534363]], "lin_end.bias": [-0.08420471101999283]}