{"lin1.weight": [[0.7690531611442566, 0.8011547923088074], [0.35218656063079834, -0.6118950843811035], [-0.807326078414917, 0.4318794906139374], [-0.42363035678863525, 0.37227562069892883], [1.2343132495880127, 0.5562161803245544], [-0.0510002039372921, 0.3067173659801483], [-1.1640517711639404, -0.7352663278579712], [-1.1086536645889282, -0.10033763200044632], [0.6502269506454468, -0.48506003618240356], [-0.11301849037408829, -0.7187564373016357]], "lin1.bias": [-0.2497001588344574, -0.7221583724021912, 0.23800119757652283, -0.07942105084657669, 0.009264273568987846, 0.39859452843666077, -0.07085572183132172, -0.0727696493268013, -0.5381690859794617, 0.6003829836845398], "lin_end.weight": [[1.0722370147705078, -0.24251148104667664, -0.4179261028766632, -0.07448042929172516, 1.2876856327056885, 0.18921655416488647, -1.3912441730499268, -0.9985707402229309, 0.07702267915010452, -0.45107510685920715]], "lin_end.bias": [-0.202562153339386]}