{"lin1.weight": [[0.38828474283218384, 0.6193986535072327], [0.42283865809440613, -0.5500320196151733], [-0.7155596017837524, 0.4717487692832947], [-0.4314696192741394, 0.3641244173049927], [0.9172307252883911, 0.3022420108318329], [-0.13168388605117798, 0.25377681851387024], [-0.8268985748291016, -0.46340933442115784], [-0.8651517033576965, 0.03815091401338577], [0.6384472846984863, -0.4915269911289215], [0.05431891232728958, -0.7089909315109253]], "lin1.bias": [-0.30112212896347046, -0.7094612717628479, 0.25736162066459656, -0.08006877452135086, 0.048770107328891754, 0.4018265902996063, -0.13798698782920837, -0.08054983615875244, -0.5411142706871033, 0.6297370195388794], "lin_end.weight": [[0.7680620551109314, -0.18767765164375305, -0.17050254344940186, 0.07979612052440643, 0.8778977394104004, 0.23198442161083221, -0.8549613356590271, -0.5821181535720825, 0.014399467967450619, -0.2885838449001312]], "lin_end.bias": [-0.08632728457450867]}