{"lin1.weight": [[0.3134611248970032, -0.023958900943398476], [0.1484253704547882, 0.36223649978637695], [0.3535207509994507, -0.1612757444381714], [0.23726923763751984, -0.43220096826553345], [-0.043192580342292786, 0.17174163460731506], [-0.308650404214859, -0.1446896493434906], [0.49182477593421936, -0.15792176127433777], [0.6607323884963989, -0.4460894465446472], [0.7010851502418518, 0.3844796121120453], [0.5996029376983643, 0.558691680431366]], "lin1.bias": [0.4490792155265808, -0.48285967111587524, -0.03731376305222511, -0.007911506108939648, -0.6439401507377625, -0.22304028272628784, 0.628779411315918, 0.6669772267341614, -0.5249438881874084, 0.4018082022666931], "lin_end.weight": [[0.2422289252281189, 0.057014595717191696, 0.2880348861217499, 0.11594483256340027, 0.13350757956504822, -0.16009220480918884, 0.020155219361186028, -0.07509658485651016, -0.09295579046010971, -0.07676267623901367]], "lin_end.bias": [-0.17737282812595367]}