{"lin1.weight": [[0.2538185715675354, 0.4995693266391754], [0.4478895962238312, -0.513367235660553], [-0.6867532730102539, 0.5039083361625671], [-0.44986605644226074, 0.347347229719162], [0.7900251746177673, 0.16305668652057648], [-0.1731479912996292, 0.20718003809452057], [-0.7047374844551086, -0.3331984877586365], [-0.7721660137176514, 0.13212311267852783], [0.636462390422821, -0.49420878291130066], [0.10730013996362686, -0.6770037412643433]], "lin1.bias": [-0.3185311257839203, -0.7059162259101868, 0.2655121982097626, -0.08222530037164688, 0.047470878809690475, 0.40107136964797974, -0.15103702247142792, -0.07009956240653992, -0.5416554808616638, 0.6418934464454651], "lin_end.weight": [[0.595647931098938, -0.14972089231014252, -0.13869589567184448, 0.0997174009680748, 0.666962742805481, 0.21326810121536255, -0.6316227316856384, -0.4368007779121399, 0.00658397376537323, -0.19538898766040802]], "lin_end.bias": [-0.08809337764978409]}