{"lin1.weight": [[0.7479365468025208, 0.7971090078353882], [0.3558945655822754, -0.6107773184776306], [-0.8020490407943726, 0.4294351041316986], [-0.42256614565849304, 0.37184903025627136], [1.2184959650039673, 0.5467796921730042], [-0.05386387184262276, 0.3067137598991394], [-1.145482063293457, -0.7223907113075256], [-1.0969902276992798, -0.10014987736940384], [0.6492235064506531, -0.4849250614643097], [-0.10455276072025299, -0.7240054607391357]], "lin1.bias": [-0.2545259892940521, -0.7211720943450928, 0.23864836990833282, -0.07946223765611649, 0.011123006232082844, 0.39884114265441895, -0.07332202792167664, -0.07436857372522354, -0.5384126305580139, 0.6016612648963928], "lin_end.weight": [[1.065763235092163, -0.2424570471048355, -0.3985762894153595, -0.06078977882862091, 1.2751623392105103, 0.1973637044429779, -1.366665005683899, -0.9778022766113281, 0.07186785340309143, -0.44763487577438354]], "lin_end.bias": [-0.19096273183822632]}