{"lin1.weight": [[0.3198713958263397, 0.555151641368866], [0.43539661169052124, -0.530605673789978], [-0.7011330723762512, 0.4885634183883667], [-0.4398898184299469, 0.3560766279697418], [0.853842556476593, 0.22817596793174744], [-0.1519545614719391, 0.2297259122133255], [-0.7659428715705872, -0.3937864303588867], [-0.8180500864982605, 0.08821844309568405], [0.6373226642608643, -0.4931012988090515], [0.08262129873037338, -0.6911686658859253]], "lin1.bias": [-0.30959460139274597, -0.7077988386154175, 0.2615047097206116, -0.08107759803533554, 0.04997400566935539, 0.40165790915489197, -0.14678624272346497, -0.07573258876800537, -0.5414189696311951, 0.6363623142242432], "lin_end.weight": [[0.6772227883338928, -0.1644275039434433, -0.15533453226089478, 0.08750324696302414, 0.7712583541870117, 0.22065533697605133, -0.7402954697608948, -0.5079512596130371, 0.014056868851184845, -0.23759214580059052]], "lin_end.bias": [-0.0853506475687027]}