{"lin1.weight": [[0.30536016821861267, -0.024539364501833916], [0.14667265117168427, 0.3623400032520294], [0.3442470133304596, -0.16226783394813538], [0.23346500098705292, -0.4325996935367584], [-0.0474468469619751, 0.17175628244876862], [-0.30356350541114807, -0.14413858950138092], [0.49134311079978943, -0.15792034566402435], [0.6635433435440063, -0.4463178217411041], [0.7035918831825256, 0.38442379236221313], [0.6023004651069641, 0.559214174747467]], "lin1.bias": [0.44990968704223633, -0.4829101860523224, -0.037197574973106384, -0.00805643294006586, -0.6436814069747925, -0.2233913540840149, 0.6288436055183411, 0.6667320132255554, -0.5242384076118469, 0.40174755454063416], "lin_end.weight": [[0.2373262196779251, 0.05543513596057892, 0.28118205070495605, 0.11377125978469849, 0.13764667510986328, -0.14546515047550201, 0.009925175458192825, -0.09135325998067856, -0.1098630353808403, -0.09415590018033981]], "lin_end.bias": [-0.1687673181295395]}