{"lin1.weight": [[0.032391853630542755, 0.297320157289505], [0.49455851316452026, -0.44597676396369934], [-0.6281452178955078, 0.5708038806915283], [-0.5163025856018066, 0.28392547369003296], [0.5786392688751221, -0.056451622396707535], [-0.2701866626739502, 0.09848351776599884], [-0.5130005478858948, -0.14025647938251495], [-0.6214132308959961, 0.28273147344589233], [0.63959139585495, -0.49016276001930237], [0.16348911821842194, -0.6404280662536621]], "lin1.bias": [-0.345495343208313, -0.69808030128479, 0.28170064091682434, -0.09069864451885223, 0.029263639822602272, 0.3947598934173584, -0.15361835062503815, -0.047026026993989944, -0.5407943725585938, 0.6547211408615112], "lin_end.weight": [[0.3220658004283905, -0.11599954962730408, -0.13497836887836456, 0.1641184687614441, 0.29054367542266846, 0.213287815451622, -0.25040528178215027, -0.22172021865844727, -0.028662342578172684, -0.032889608293771744]], "lin_end.bias": [-0.1369616985321045]}