{"lin1.weight": [[0.6584345698356628, 0.7706850171089172], [0.3724507689476013, -0.6019644737243652], [-0.7782960534095764, 0.42999207973480225], [-0.4196809232234955, 0.3718244731426239], [1.149018406867981, 0.5009172558784485], [-0.06871545314788818, 0.30237534642219543], [-1.06743586063385, -0.6664143204689026], [-1.0430337190628052, -0.0851774662733078], [0.6452589631080627, -0.48588231205940247], [-0.06595350056886673, -0.7346535921096802]], "lin1.bias": [-0.2723381221294403, -0.7169851064682007, 0.2433096170425415, -0.0793510153889656, 0.019615475088357925, 0.3992190361022949, -0.08594083786010742, -0.07822839915752411, -0.5394760966300964, 0.6088794469833374], "lin_end.weight": [[1.012097716331482, -0.24124817550182343, -0.3323242664337158, -0.018289130181074142, 1.1960283517837524, 0.21299177408218384, -1.2588356733322144, -0.890140950679779, 0.04724111407995224, -0.4304376542568207]], "lin_end.bias": [-0.1640237718820572]}