{"lin1.weight": [[0.8144723773002625, 0.8126646876335144], [0.34390541911125183, -0.6147175431251526], [-0.8204535841941833, 0.43651723861694336], [-0.42658913135528564, 0.3732532858848572], [1.267925500869751, 0.5773776769638062], [-0.04479197785258293, 0.3071921765804291], [-1.2029473781585693, -0.7643915414810181], [-1.1348659992218018, -0.10144142061471939], [0.6529441475868225, -0.4851762354373932], [-0.13199171423912048, -0.7092279195785522]], "lin1.bias": [-0.23771166801452637, -0.7249506711959839, 0.23512932658195496, -0.07959912717342377, 0.006178226321935654, 0.39875277876853943, -0.06660371273756027, -0.07090772688388824, -0.5372768640518188, 0.5960918068885803], "lin_end.weight": [[1.0974887609481812, -0.23827607929706573, -0.4513104557991028, -0.0958690270781517, 1.3253406286239624, 0.18221887946128845, -1.439052939414978, -1.0373889207839966, 0.0942508801817894, -0.45124104619026184]], "lin_end.bias": [-0.2113218456506729]}