{"lin1.weight": [[0.17238861322402954, 0.4230442941188812], [0.4633318781852722, -0.4899369478225708], [-0.6689320206642151, 0.5249425172805786], [-0.46708759665489197, 0.3304203748703003], [0.7102048993110657, 0.07614941895008087], [-0.2029874473810196, 0.17226186394691467], [-0.6307803988456726, -0.2551118731498718], [-0.7163700461387634, 0.18984340131282806], [0.6359429955482483, -0.49493494629859924], [0.1337396800518036, -0.6596236228942871]], "lin1.bias": [-0.32914969325065613, -0.7036362290382385, 0.2705390453338623, -0.0843762457370758, 0.041989341378211975, 0.3999170660972595, -0.1540202647447586, -0.06205189973115921, -0.5417958498001099, 0.6479843854904175], "lin_end.weight": [[0.4911751449108124, -0.12748192250728607, -0.12991134822368622, 0.11439172923564911, 0.5345269441604614, 0.20601633191108704, -0.4919186532497406, -0.3530523180961609, 0.002709553577005863, -0.13322539627552032]], "lin_end.bias": [-0.09510067105293274]}