{"lin1.weight": [[0.2768990695476532, 0.5169628858566284], [0.4434220492839813, -0.5189400911331177], [-0.6917715072631836, 0.49903813004493713], [-0.44604596495628357, 0.3503987193107605], [0.8125838041305542, 0.1835756003856659], [-0.16542334854602814, 0.21463070809841156], [-0.7262457013130188, -0.35218435525894165], [-0.7881393432617188, 0.11836768686771393], [0.6367307901382446, -0.49389147758483887], [0.09909427165985107, -0.6811700463294983]], "lin1.bias": [-0.3158150911331177, -0.7065372467041016, 0.2642632722854614, -0.08187317848205566, 0.04813091456890106, 0.4011898934841156, -0.14957179129123688, -0.0716792643070221, -0.5415893197059631, 0.6402837038040161], "lin_end.weight": [[0.6210675239562988, -0.15377169847488403, -0.14759650826454163, 0.09266000986099243, 0.7017074823379517, 0.2131849080324173, -0.669979453086853, -0.46332722902297974, 0.01016230322420597, -0.20985755324363708]], "lin_end.bias": [-0.08960855007171631]}