{"lin1.weight": [[0.4480269253253937, 0.660176694393158], [0.4116154909133911, -0.5636952519416809], [-0.7281444668769836, 0.4602962136268616], [-0.426085889339447, 0.3680118918418884], [0.9720539450645447, 0.35275331139564514], [-0.11546938121318817, 0.26864221692085266], [-0.8818935751914978, -0.5121381878852844], [-0.9057716131210327, 0.004177001304924488], [0.6394190788269043, -0.49043139815330505], [0.02878611721098423, -0.7193928360939026]], "lin1.bias": [-0.2942240536212921, -0.710963785648346, 0.25412821769714355, -0.0796661525964737, 0.046683188527822495, 0.40151262283325195, -0.13013991713523865, -0.08309147506952286, -0.5408670902252197, 0.6248350143432617], "lin_end.weight": [[0.8312869668006897, -0.20134012401103973, -0.19884337484836578, 0.06299131363630295, 0.9592417478561401, 0.23286211490631104, -0.9497339725494385, -0.6511784195899963, 0.020426491275429726, -0.3244456648826599]], "lin_end.bias": [-0.0969897210597992]}