{"lin1.weight": [[0.45432013273239136, 0.6639562845230103], [0.41046684980392456, -0.5649919509887695], [-0.7294666767120361, 0.4592059254646301], [-0.42560499906539917, 0.36831972002983093], [0.9777420163154602, 0.3575000464916229], [-0.11383712291717529, 0.26999127864837646], [-0.8876417875289917, -0.5167279243469238], [-0.9099844098091125, 0.0010065339738503098], [0.6395424008369446, -0.49030712246894836], [0.0260725487023592, -0.7202953100204468]], "lin1.bias": [-0.29397377371788025, -0.7110511660575867, 0.2538789212703705, -0.07965672761201859, 0.045844268053770065, 0.4013797640800476, -0.12870892882347107, -0.0829746276140213, -0.5408428311347961, 0.624494194984436], "lin_end.weight": [[0.8367231488227844, -0.2031114250421524, -0.20312759280204773, 0.06017822399735451, 0.9664610624313354, 0.23172622919082642, -0.960095226764679, -0.6592134833335876, 0.020605014637112617, -0.32897576689720154]], "lin_end.bias": [-0.09999483823776245]}