{"lin1.weight": [[0.4055483937263489, 0.6284138560295105], [0.4195431172847748, -0.5532548427581787], [-0.7190685272216797, 0.4690943658351898], [-0.4297304153442383, 0.36514073610305786], [0.9334905743598938, 0.3134573698043823], [-0.1267988532781601, 0.2573004364967346], [-0.8430941104888916, -0.47398054599761963], [-0.8768302798271179, 0.030439140275120735], [0.6387132406234741, -0.49129021167755127], [0.047280289232730865, -0.7112705707550049]], "lin1.bias": [-0.2992580831050873, -0.7099709510803223, 0.2564997673034668, -0.07993818074464798, 0.048417553305625916, 0.4018508493900299, -0.13616427779197693, -0.08126164972782135, -0.5410451889038086, 0.6285716891288757], "lin_end.weight": [[0.7845636606216431, -0.18881843984127045, -0.17963987588882446, 0.07419026643037796, 0.9012342691421509, 0.2319914549589157, -0.8800458312034607, -0.6015661954879761, 0.018783407285809517, -0.2958560287952423]], "lin_end.bias": [-0.08786789327859879]}