{"lin1.weight": [[0.7023544311523438, 0.7874744534492493], [0.3640373647212982, -0.6074371933937073], [-0.7903439402580261, 0.4271538257598877], [-0.42079249024391174, 0.37159353494644165], [1.1835001707077026, 0.5266209244728088], [-0.060919057577848434, 0.3058018088340759], [-1.1055471897125244, -0.6962762475013733], [-1.0704649686813354, -0.09688165783882141], [0.6470953822135925, -0.4850873351097107], [-0.08559431880712509, -0.7326180338859558]], "lin1.bias": [-0.26159778237342834, -0.7195308208465576, 0.23980900645256042, -0.07952617853879929, 0.018108855932950974, 0.3997102975845337, -0.08218036592006683, -0.07911479473114014, -0.5388286113739014, 0.6038282513618469], "lin_end.weight": [[1.0501439571380615, -0.23921792209148407, -0.35482919216156006, -0.030025653541088104, 1.2466952800750732, 0.21629558503627777, -1.3084120750427246, -0.927995502948761, 0.06331943720579147, -0.43375852704048157]], "lin_end.bias": [-0.16167467832565308]}