{"lin1.weight": [[0.14805448055267334, 0.4018465280532837], [0.46810322999954224, -0.48323023319244385], [-0.6629682183265686, 0.5315603017807007], [-0.4732612371444702, 0.3247697353363037], [0.686363935470581, 0.05245080590248108], [-0.21279305219650269, 0.16169928014278412], [-0.6089568734169006, -0.23420965671539307], [-0.6997120976448059, 0.20586055517196655], [0.6359314322471619, -0.4949535131454468], [0.14049893617630005, -0.6554101705551147]], "lin1.bias": [-0.33229169249534607, -0.7027748227119446, 0.27228114008903503, -0.08520890027284622, 0.03979415073990822, 0.3992561399936676, -0.15422259271144867, -0.05937723442912102, -0.5417984127998352, 0.6495193243026733], "lin_end.weight": [[0.46088889241218567, -0.12458731234073639, -0.12831884622573853, 0.12006081640720367, 0.49295273423194885, 0.2041841447353363, -0.45184192061424255, -0.32937929034233093, -0.0021468852646648884, -0.11825063824653625]], "lin_end.bias": [-0.10135296732187271]}