{"lin1.weight": [[0.29266542196273804, 0.5296214818954468], [0.44051793217658997, -0.5229484438896179], [-0.6951380968093872, 0.49549317359924316], [-0.4436919689178467, 0.352400004863739], [0.8279283046722412, 0.19888253509998322], [-0.16041199862957, 0.2198495864868164], [-0.7411221265792847, -0.36645445227622986], [-0.7990334033966064, 0.10817151516675949], [0.6369478702545166, -0.49361610412597656], [0.09326927363872528, -0.6842120289802551]], "lin1.bias": [-0.3141297399997711, -0.7068873643875122, 0.26340198516845703, -0.08167118579149246, 0.04844386503100395, 0.4011409878730774, -0.1482580453157425, -0.07276730239391327, -0.5415353178977966, 0.6391604542732239], "lin_end.weight": [[0.6382653713226318, -0.15839572250843048, -0.1540025770664215, 0.08755750954151154, 0.7243570685386658, 0.21237213909626007, -0.69758540391922, -0.48219361901283264, 0.010600077919661999, -0.22178979218006134]], "lin_end.bias": [-0.0929616317152977]}