{"lin1.weight": [[0.6901268362998962, 0.7766709327697754], [0.366607129573822, -0.6044682860374451], [-0.7859853506088257, 0.43074437975883484], [-0.4203343093395233, 0.37193915247917175], [1.1740760803222656, 0.5141563415527344], [-0.06337116658687592, 0.30338361859321594], [-1.0957471132278442, -0.6828406453132629], [-1.0617411136627197, -0.08833421021699905], [0.6464202404022217, -0.48574379086494446], [-0.07918809354305267, -0.7295505404472351]], "lin1.bias": [-0.2666899263858795, -0.7182411551475525, 0.24229156970977783, -0.07932201027870178, 0.016394376754760742, 0.3988339304924011, -0.08147241175174713, -0.07609094679355621, -0.5392217040061951, 0.6071125864982605], "lin_end.weight": [[1.0251471996307373, -0.2419736385345459, -0.3599139451980591, -0.03718453273177147, 1.2191097736358643, 0.20283624529838562, -1.2975894212722778, -0.923353374004364, 0.05483134090900421, -0.4379150867462158]], "lin_end.bias": [-0.17963705956935883]}