{"lin1.weight": [[0.7122454047203064, 0.7844617366790771], [0.36233630776405334, -0.6069841980934143], [-0.7922693490982056, 0.42962023615837097], [-0.42100608348846436, 0.37183716893196106], [1.1914669275283813, 0.525982141494751], [-0.05942396819591522, 0.3048728406429291], [-1.1148526668548584, -0.6968229413032532], [-1.075636386871338, -0.09342554956674576], [0.6474870443344116, -0.4854128956794739], [-0.08895932137966156, -0.7284256815910339]], "lin1.bias": [-0.2607952952384949, -0.7196476459503174, 0.24040965735912323, -0.07942650467157364, 0.016051728278398514, 0.39921292662620544, -0.08019368350505829, -0.07675344496965408, -0.538855254650116, 0.6043919324874878], "lin_end.weight": [[1.0452485084533691, -0.23944099247455597, -0.37014156579971313, -0.04199031740427017, 1.2457482814788818, 0.20601443946361542, -1.320720911026001, -0.9410222768783569, 0.0645696297287941, -0.4374586045742035]], "lin_end.bias": [-0.17556321620941162]}