{"lin1.weight": [[0.3363122045993805, 0.5701420307159424], [0.43239742517471313, -0.5350719094276428], [-0.7046304941177368, 0.484561026096344], [-0.4376918077468872, 0.3581482768058777], [0.8694037199020386, 0.24521146714687347], [-0.14691123366355896, 0.23547710478305817], [-0.7807719707489014, -0.4095216691493988], [-0.8294554352760315, 0.07656674832105637], [0.637610673904419, -0.4927101135253906], [0.07608898729085922, -0.6953318119049072]], "lin1.bias": [-0.30731314420700073, -0.7082855105400085, 0.2604324221611023, -0.08076489716768265, 0.05031424015760422, 0.4018714129924774, -0.1452937126159668, -0.07725009322166443, -0.5413328409194946, 0.6347821354866028], "lin_end.weight": [[0.699765145778656, -0.16843093931674957, -0.15758970379829407, 0.08655725419521332, 0.7983942031860352, 0.22465579211711884, -0.7663822174072266, -0.5245015621185303, 0.01571723073720932, -0.24782265722751617]], "lin_end.bias": [-0.08260698616504669]}