{"lin1.weight": [[0.4126738905906677, 0.635730504989624], [0.4182150959968567, -0.555487871170044], [-0.7205898761749268, 0.46720167994499207], [-0.4290296733379364, 0.36586159467697144], [0.9399903416633606, 0.3224674463272095], [-0.12481874972581863, 0.2599027454853058], [-0.8495727777481079, -0.4827367663383484], [-0.8817639350891113, 0.024486863985657692], [0.6388417482376099, -0.4910964071750641], [0.04418329894542694, -0.7132160663604736]], "lin1.bias": [-0.2985646426677704, -0.7099794745445251, 0.2562005817890167, -0.07991890609264374, 0.047921072691679, 0.40162789821624756, -0.1348555088043213, -0.08140061050653458, -0.5410244464874268, 0.6279497742652893], "lin_end.weight": [[0.792913019657135, -0.19322752952575684, -0.18318383395671844, 0.07191013544797897, 0.9105583429336548, 0.23118121922016144, -0.8944463133811951, -0.6112474799156189, 0.016791310161352158, -0.3040715754032135]], "lin_end.bias": [-0.09209831804037094]}