{"lin1.weight": [[0.3456411063671112, 0.5756718516349792], [0.4307302236557007, -0.5369437336921692], [-0.7064852118492126, 0.4829610288143158], [-0.4365405738353729, 0.35890355706214905], [0.8784317970275879, 0.25213050842285156], [-0.14411742985248566, 0.23773837089538574], [-0.7896331548690796, -0.4159119427204132], [-0.8357771635055542, 0.07190593332052231], [0.637783944606781, -0.49252814054489136], [0.07253256440162659, -0.6966360807418823]], "lin1.bias": [-0.3066103160381317, -0.7084829807281494, 0.25999897718429565, -0.08070030063390732, 0.05011657997965813, 0.40178921818733215, -0.1442042887210846, -0.07763104885816574, -0.5412914156913757, 0.6342719197273254], "lin_end.weight": [[0.7080810070037842, -0.170132577419281, -0.16327883303165436, 0.08247849345207214, 0.8104223012924194, 0.22331583499908447, -0.7816344499588013, -0.5361757874488831, 0.016896776854991913, -0.25357162952423096]], "lin_end.bias": [-0.08554013818502426]}