{"lin1.weight": [[0.7836152911186218, 0.8037476539611816], [0.3495175540447235, -0.6125805974006653], [-0.8113675117492676, 0.4335162341594696], [-0.424469530582428, 0.37259095907211304], [1.2453523874282837, 0.5618575811386108], [-0.0489400215446949, 0.306718111038208], [-1.1768057346343994, -0.7431612014770508], [-1.1170356273651123, -0.10017039626836777], [0.6510534882545471, -0.4851599931716919], [-0.11893249303102493, -0.7155411839485168]], "lin1.bias": [-0.24542903900146484, -0.7231082320213318, 0.23706631362438202, -0.07948111742734909, 0.009018860757350922, 0.3987194001674652, -0.07037241011857986, -0.07254491001367569, -0.5378889441490173, 0.5989811420440674], "lin_end.weight": [[1.0801663398742676, -0.2400970309972763, -0.4280466139316559, -0.08084877580404282, 1.3000986576080322, 0.18760864436626434, -1.4052473306655884, -1.0102276802062988, 0.08349096029996872, -0.44968655705451965]], "lin_end.bias": [-0.20388202369213104]}