{"lin1.weight": [[0.3294242322444916, 0.5629209280014038], [0.43367213010787964, -0.5329957008361816], [-0.7031126618385315, 0.4864540696144104], [-0.4386177659034729, 0.35717153549194336], [0.862955629825592, 0.23723013699054718], [-0.14903797209262848, 0.23276710510253906], [-0.7747144103050232, -0.40213921666145325], [-0.8246059417724609, 0.08207059651613235], [0.6374830603599548, -0.49289804697036743], [0.07889900356531143, -0.6932316422462463]], "lin1.bias": [-0.30856332182884216, -0.7080379724502563, 0.26095739006996155, -0.08094025403261185, 0.04996046796441078, 0.4016881287097931, -0.14575117826461792, -0.07640449702739716, -0.5413755178451538, 0.6356068849563599], "lin_end.weight": [[0.6885884404182434, -0.16678011417388916, -0.15835106372833252, 0.08549867570400238, 0.7856277823448181, 0.22141842544078827, -0.755896806716919, -0.5185607671737671, 0.014844956807792187, -0.24391548335552216]], "lin_end.bias": [-0.08579868078231812]}