{"lin1.weight": [[0.6481671333312988, 0.7636465430259705], [0.3742784559726715, -0.5998026728630066], [-0.7756240963935852, 0.43155813217163086], [-0.4195528030395508, 0.3718791604042053], [1.1414456367492676, 0.4911503493785858], [-0.07056788355112076, 0.30075812339782715], [-1.0591689348220825, -0.65546715259552], [-1.036741018295288, -0.08002979308366776], [0.6448748111724854, -0.48622068762779236], [-0.06108156591653824, -0.7343469262123108]], "lin1.bias": [-0.2729375660419464, -0.7168645858764648, 0.24361887574195862, -0.07936157286167145, 0.022495297715067863, 0.3996015191078186, -0.08977361768484116, -0.07954533398151398, -0.5395357608795166, 0.6095448136329651], "lin_end.weight": [[1.0051188468933105, -0.23634286224842072, -0.3232097625732422, -0.012059329077601433, 1.1877158880233765, 0.21697385609149933, -1.2407678365707397, -0.8764925599098206, 0.048929378390312195, -0.42166659235954285]], "lin_end.bias": [-0.15494857728481293]}