{"lin1.weight": [[0.7875317931175232, 0.8038092255592346], [0.34884747862815857, -0.6126085519790649], [-0.8122905492782593, 0.43447428941726685], [-0.4246786832809448, 0.3727818429470062], [1.2482439279556274, 0.5628871321678162], [-0.048446230590343475, 0.3065512776374817], [-1.1802548170089722, -0.7449437379837036], [-1.1190767288208008, -0.099345862865448], [0.6512560248374939, -0.4852708876132965], [-0.12039422243833542, -0.7140807509422302]], "lin1.bias": [-0.24494606256484985, -0.7231958508491516, 0.2372361421585083, -0.0794098749756813, 0.008112574927508831, 0.398572713136673, -0.06941627711057663, -0.07163601368665695, -0.5378825664520264, 0.599030613899231], "lin_end.weight": [[1.0793875455856323, -0.24053481221199036, -0.4334471523761749, -0.08498618006706238, 1.3004432916641235, 0.18420690298080444, -1.4104230403900146, -1.015090823173523, 0.08381516486406326, -0.4513189196586609]], "lin_end.bias": [-0.2087283879518509]}