{"lin1.weight": [[0.7944628596305847, 0.8106392025947571], [0.34745532274246216, -0.6143720149993896], [-0.8152170181274414, 0.4323573410511017], [-0.4253002107143402, 0.3723796010017395], [1.2531229257583618, 0.5707662105560303], [-0.04726288467645645, 0.30776312947273254], [-1.1853530406951904, -0.7539904713630676], [-1.124090313911438, -0.10415711253881454], [0.6518092155456543, -0.4847356379032135], [-0.12427202612161636, -0.7154881954193115]], "lin1.bias": [-0.2433653473854065, -0.7237643003463745, 0.23586693406105042, -0.07960468530654907, 0.00714578852057457, 0.3988104462623596, -0.067631796002388, -0.07226210832595825, -0.5376095771789551, 0.5974809527397156], "lin_end.weight": [[1.0919206142425537, -0.24094495177268982, -0.433524489402771, -0.08346636593341827, 1.313703179359436, 0.18889057636260986, -1.4193425178527832, -1.0201088190078735, 0.0867064967751503, -0.4519622027873993]], "lin_end.bias": [-0.20356398820877075]}