{"lin1.weight": [[-0.0014627211494371295, 0.2683899700641632], [0.5045387148857117, -0.4329540431499481], [-0.6144310235977173, 0.5854355096817017], [-0.5359706878662109, 0.26611754298210144], [0.5513620972633362, -0.08213485032320023], [-0.2926381826400757, 0.07535266876220703], [-0.48986750841140747, -0.11922889947891235], [-0.5991576313972473, 0.30335530638694763], [0.6429401636123657, -0.48602166771888733], [0.16583292186260223, -0.6389862895011902]], "lin1.bias": [-0.3487323820590973, -0.6961408853530884, 0.2852039039134979, -0.09313566237688065, 0.026469888165593147, 0.3924863338470459, -0.15308819711208344, -0.043564800173044205, -0.5398773550987244, 0.6552237272262573], "lin_end.weight": [[0.2857344448566437, -0.12177923321723938, -0.14102168381214142, 0.18744239211082458, 0.22691555321216583, 0.2243788242340088, -0.18948876857757568, -0.19194436073303223, -0.04442484304308891, -0.008375958539545536]], "lin_end.bias": [-0.15343108773231506]}