{"lin1.weight": [[0.12777937948703766, 0.3832966983318329], [0.47224292159080505, -0.47725510597229004], [-0.657681405544281, 0.537593424320221], [-0.4790083169937134, 0.3193012475967407], [0.6666463613510132, 0.03222327679395676], [-0.22143901884555817, 0.1520410180091858], [-0.5911334753036499, -0.21647611260414124], [-0.6857684850692749, 0.21967798471450806], [0.636062502861023, -0.49478018283843994], [0.1457505077123642, -0.6519238352775574]], "lin1.bias": [-0.33458903431892395, -0.7021176218986511, 0.2737062871456146, -0.08589896559715271, 0.038252636790275574, 0.39877116680145264, -0.15460042655467987, -0.05734839290380478, -0.5417633652687073, 0.6506756544113159], "lin_end.weight": [[0.4361768960952759, -0.12099402397871017, -0.12699295580387115, 0.12612923979759216, 0.45912301540374756, 0.20452794432640076, -0.4166012406349182, -0.30895164608955383, -0.004854259081184864, -0.10270323604345322]], "lin_end.bias": [-0.10456479340791702]}