{"lin1.weight": [[0.5636152029037476, 0.7291489243507385], [0.39002522826194763, -0.5872429609298706], [-0.7543766498565674, 0.44052961468696594], [-0.41999703645706177, 0.3718210756778717], [1.0720306634902954, 0.44072604179382324], [-0.08761992305517197, 0.29143330454826355], [-0.9845355749130249, -0.6003948450088501], [-0.9825000166893005, -0.05265449360013008], [0.6420791745185852, -0.48789897561073303], [-0.023046664893627167, -0.7339394092559814]], "lin1.bias": [-0.28342926502227783, -0.713916003704071, 0.2481393814086914, -0.0793260931968689, 0.033286549150943756, 0.40033671259880066, -0.10654733330011368, -0.08239451050758362, -0.540235698223114, 0.615869402885437], "lin_end.weight": [[0.9413079619407654, -0.22670358419418335, -0.265031099319458, 0.023934636265039444, 1.099975824356079, 0.22757259011268616, -1.125462532043457, -0.7843432426452637, 0.03255855292081833, -0.38964423537254333]], "lin_end.bias": [-0.12858006358146667]}