{"lin1.weight": [[0.5307406187057495, 0.7104833722114563], [0.39630985260009766, -0.5808370113372803], [-0.7463684678077698, 0.4458312690258026], [-0.42107003927230835, 0.3712407648563385], [1.0447739362716675, 0.4165506660938263], [-0.09502141177654266, 0.2857215404510498], [-0.9561824798583984, -0.5752123594284058], [-0.9609343409538269, -0.037679512053728104], [0.6412112712860107, -0.48864832520484924], [-0.007908955216407776, -0.7306879162788391]], "lin1.bias": [-0.2875611186027527, -0.7127845883369446, 0.25011366605758667, -0.07940419763326645, 0.03724617511034012, 0.40044423937797546, -0.1131223514676094, -0.08269286155700684, -0.5404720902442932, 0.6188945770263672], "lin_end.weight": [[0.9092744588851929, -0.22128362953662872, -0.24747225642204285, 0.033525582402944565, 1.0594956874847412, 0.2269577980041504, -1.0787163972854614, -0.749074399471283, 0.027012072503566742, -0.37501060962677]], "lin_end.bias": [-0.12330292910337448]}