{"lin1.weight": [[0.6107368469238281, 0.7457824349403381], [0.38126105070114136, -0.5937331914901733], [-0.7656910419464111, 0.43615928292274475], [-0.4194016456604004, 0.37195688486099243], [1.111533761024475, 0.46631860733032227], [-0.07792998850345612, 0.2962205708026886], [-1.027052640914917, -0.6281101703643799], [-1.0126570463180542, -0.06643576920032501], [0.6434681415557861, -0.48714226484298706], [-0.04382425174117088, -0.7334938049316406]], "lin1.bias": [-0.27782177925109863, -0.7154611945152283, 0.24589528143405914, -0.07934068888425827, 0.0279092974960804, 0.39982670545578003, -0.09794960916042328, -0.08085646480321884, -0.5399110913276672, 0.6128152012825012], "lin_end.weight": [[0.9735957384109497, -0.23126552999019623, -0.29946622252464294, 0.0019429298117756844, 1.146859049797058, 0.21949602663516998, -1.189451813697815, -0.8366600275039673, 0.04195789992809296, -0.4072403907775879]], "lin_end.bias": [-0.14548726379871368]}