{"lin1.weight": [[0.7285950183868408, 0.7885276675224304], [0.3593619167804718, -0.6083399057388306], [-0.7966493964195251, 0.43007805943489075], [-0.42167919874191284, 0.3719010353088379], [1.2040469646453857, 0.5336646437644958], [-0.05687683820724487, 0.30537837743759155], [-1.1291629076004028, -0.7065736651420593], [-1.0853521823883057, -0.0951877161860466], [0.6482536792755127, -0.4852958619594574], [-0.09593169391155243, -0.7258018255233765]], "lin1.bias": [-0.2577355206012726, -0.7203912138938904, 0.2396511286497116, -0.0794471949338913, 0.014157066121697426, 0.3990759253501892, -0.0775902271270752, -0.07569916546344757, -0.5386537909507751, 0.6032490134239197], "lin_end.weight": [[1.0533802509307861, -0.23969334363937378, -0.3835698068141937, -0.05096980184316635, 1.2585461139678955, 0.20176763832569122, -1.340441346168518, -0.9574353694915771, 0.0688481330871582, -0.44071996212005615]], "lin_end.bias": [-0.18222782015800476]}