{"lin1.weight": [[0.7896972894668579, 0.8050507307052612], [0.34843283891677856, -0.6129470467567444], [-0.8130713105201721, 0.4342544376850128], [-0.424849271774292, 0.37274429202079773], [1.2498351335525513, 0.5644874572753906], [-0.048108331859111786, 0.30674391984939575], [-1.1820062398910522, -0.7468934059143066], [-1.1205180883407593, -0.1000603660941124], [0.6514071226119995, -0.485191285610199], [-0.12146483361721039, -0.7140601873397827]], "lin1.bias": [-0.2446228563785553, -0.7233151793479919, 0.2370191365480423, -0.07942891865968704, 0.007672762498259544, 0.39858368039131165, -0.06879677623510361, -0.07152543216943741, -0.5378310680389404, 0.598767876625061], "lin_end.weight": [[1.0816071033477783, -0.2407045215368271, -0.4346923828125, -0.08563227951526642, 1.3030577898025513, 0.1843302845954895, -1.4132838249206543, -1.0171842575073242, 0.08444273471832275, -0.45186448097229004]], "lin_end.bias": [-0.2088446319103241]}