{"lin1.weight": [[0.2860839068889618, 0.5233834385871887], [0.4417201280593872, -0.5210109353065491], [-0.6937185525894165, 0.49719706177711487], [-0.444658488035202, 0.35145100951194763], [0.821510374546051, 0.19118069112300873], [-0.16247907280921936, 0.21731336414813995], [-0.7348386645317078, -0.3591611981391907], [-0.7944320440292358, 0.11321708559989929], [0.6368539929389954, -0.4937530755996704], [0.09574665874242783, -0.6827402710914612]], "lin1.bias": [-0.3148196339607239, -0.7068064212799072, 0.26373767852783203, -0.08173142373561859, 0.04833672195672989, 0.40125688910484314, -0.14887940883636475, -0.07234783470630646, -0.5415557622909546, 0.6396600604057312], "lin_end.weight": [[0.6309530138969421, -0.15497073531150818, -0.15118615329265594, 0.08992413431406021, 0.7154182195663452, 0.21333414316177368, -0.6845601797103882, -0.47364240884780884, 0.011936177499592304, -0.21483539044857025]], "lin_end.bias": [-0.08983927965164185]}