{"lin1.weight": [[0.4959203600883484, 0.6945627927780151], [0.4028085768222809, -0.5747998356819153], [-0.7386309504508972, 0.4506169855594635], [-0.42280855774879456, 0.3703957200050354], [1.0144031047821045, 0.3954576551914215], [-0.10330497473478317, 0.280240923166275], [-0.924774706363678, -0.5540142059326172], [-0.9379655718803406, -0.02423705905675888], [0.6404599547386169, -0.4892368018627167], [0.007564994506537914, -0.7279835343360901]], "lin1.bias": [-0.2896762788295746, -0.7119621634483337, 0.2516239881515503, -0.07945350557565689, 0.04222389683127403, 0.40096983313560486, -0.1209242045879364, -0.08378639817237854, -0.5406269431114197, 0.6208855509757996], "lin_end.weight": [[0.881870448589325, -0.21525071561336517, -0.22303271293640137, 0.0490875206887722, 1.0215551853179932, 0.23245562613010406, -1.0271263122558594, -0.7074769735336304, 0.0223692674189806, -0.3565080463886261]], "lin_end.bias": [-0.10975254327058792]}