{"lin1.weight": [[0.5472369194030762, 0.7226762175559998], [0.3930015563964844, -0.5846875905990601], [-0.750723123550415, 0.44218066334724426], [-0.42046889662742615, 0.37166258692741394], [1.0584466457366943, 0.43089237809181213], [-0.091108538210392, 0.2893853187561035], [-0.9700701236724854, -0.5898727178573608], [-0.9722244143486023, -0.04739310219883919], [0.6416705250740051, -0.48817965388298035], [-0.01582454703748226, -0.7340060472488403]], "lin1.bias": [-0.2837979793548584, -0.7137342691421509, 0.24849869310855865, -0.07927493751049042, 0.0370476171374321, 0.40095505118370056, -0.11150013655424118, -0.0841667577624321, -0.5402907133102417, 0.6163650155067444], "lin_end.weight": [[0.9332413673400879, -0.22174949944019318, -0.24905896186828613, 0.03518093749880791, 1.0875864028930664, 0.2349945455789566, -1.0990540981292725, -0.7623238563537598, 0.03292614966630936, -0.37798842787742615]], "lin_end.bias": [-0.11461425572633743]}