{"lin1.weight": [[0.8109967708587646, 0.8105722665786743], [0.3446541130542755, -0.614220380783081], [-0.8190082311630249, 0.43702608346939087], [-0.42625802755355835, 0.3733660578727722], [1.2652708292007446, 0.5748516321182251], [-0.04535645246505737, 0.30687186121940613], [-1.2000784873962402, -0.7613837122917175], [-1.1324169635772705, -0.10005616396665573], [0.6526466012001038, -0.4853207468986511], [-0.13028493523597717, -0.7089352011680603]], "lin1.bias": [-0.2397957593202591, -0.7244495749473572, 0.236103817820549, -0.07940807193517685, 0.005053938832134008, 0.3984428346157074, -0.06555158644914627, -0.069668710231781, -0.5374869108200073, 0.5971797704696655], "lin_end.weight": [[1.090353012084961, -0.24044857919216156, -0.45321956276893616, -0.09835214912891388, 1.317195177078247, 0.17763982713222504, -1.4376451969146729, -1.0372743606567383, 0.0904233530163765, -0.4546034038066864]], "lin_end.bias": [-0.21835093200206757]}