{"lin1.weight": [[0.0362698957324028, 0.30100029706954956], [0.4935110807418823, -0.44743427634239197], [-0.6296164393424988, 0.5691247582435608], [-0.5143325328826904, 0.2858768403530121], [0.5819817185401917, -0.05294034257531166], [-0.2678288221359253, 0.10113930702209473], [-0.5158857703208923, -0.14320039749145508], [-0.624021053314209, 0.28006401658058167], [0.6393226981163025, -0.49051299691200256], [0.1630873680114746, -0.6407167911529541]], "lin1.bias": [-0.3450886011123657, -0.6982582211494446, 0.2813442647457123, -0.090458944439888, 0.02961357682943344, 0.39497631788253784, -0.1536901444196701, -0.047426845878362656, -0.5408627986907959, 0.65462726354599], "lin_end.weight": [[0.3266669809818268, -0.11597777903079987, -0.1340058594942093, 0.16208961606025696, 0.2976320683956146, 0.2124045491218567, -0.25751036405563354, -0.22496895492076874, -0.02752813883125782, -0.03628968074917793]], "lin_end.bias": [-0.13531827926635742]}