{"lin1.weight": [[0.06594749540090561, 0.3284112811088562], [0.4859733581542969, -0.45777612924575806], [-0.6399834156036377, 0.5575062036514282], [-0.5007224678993225, 0.2989639937877655], [0.6084201335906982, -0.02605746127665043], [-0.25095513463020325, 0.11969108879566193], [-0.5387712121009827, -0.16582632064819336], [-0.6439942717552185, 0.26027247309684753], [0.637742817401886, -0.4925401508808136], [0.159005805850029, -0.6435489058494568]], "lin1.bias": [-0.3417821526527405, -0.6995962858200073, 0.27871274948120117, -0.088743194937706, 0.03234249725937843, 0.39653730392456055, -0.15414299070835114, -0.050544437021017075, -0.5412783622741699, 0.6536845564842224], "lin_end.weight": [[0.3625654876232147, -0.11535152047872543, -0.12829004228115082, 0.14888416230678558, 0.35210180282592773, 0.20847156643867493, -0.30949169397354126, -0.25019240379333496, -0.01803196221590042, -0.0589241199195385]], "lin_end.bias": [-0.12186302989721298]}