{"lin1.weight": [[0.2880131006240845, 0.5251040458679199], [0.44136911630630493, -0.5215558409690857], [-0.6941168308258057, 0.49672892689704895], [-0.4443756937980652, 0.3517190217971802], [0.8234414458274841, 0.1934666931629181], [-0.1618708074092865, 0.21803182363510132], [-0.7367784380912781, -0.361343115568161], [-0.7957708239555359, 0.1117568239569664], [0.6368815898895264, -0.4937136173248291], [0.095050148665905, -0.6831075549125671]], "lin1.bias": [-0.31458666920661926, -0.7068231105804443, 0.26365095376968384, -0.08172039687633514, 0.048459041863679886, 0.4012085199356079, -0.14879201352596283, -0.07248444110155106, -0.5415502786636353, 0.6395248770713806], "lin_end.weight": [[0.6328616142272949, -0.15601389110088348, -0.15223588049411774, 0.08903302997350693, 0.7178794145584106, 0.21283064782619476, -0.6885483860969543, -0.4763046205043793, 0.0114809051156044, -0.216942697763443]], "lin_end.bias": [-0.09106898307800293]}