{"lin1.weight": [[0.32131266593933105, -0.024183867499232292], [0.15008893609046936, 0.36192774772644043], [0.36256420612335205, -0.16138885915279388], [0.24098731577396393, -0.43225207924842834], [-0.03930732235312462, 0.17126096785068512], [-0.31403428316116333, -0.1447426825761795], [0.49256080389022827, -0.15798410773277283], [0.6585760116577148, -0.4456663429737091], [0.6989853978157043, 0.38484108448028564], [0.5973923802375793, 0.5584155321121216]], "lin1.bias": [0.44799625873565674, -0.48287439346313477, -0.03776748105883598, -0.007899298332631588, -0.6443308591842651, -0.2225092351436615, 0.6286542415618896, 0.667297899723053, -0.5254457592964172, 0.40188083052635193], "lin_end.weight": [[0.2444910854101181, 0.05550500750541687, 0.2932658791542053, 0.11751590669155121, 0.12751756608486176, -0.17579801380634308, 0.027440758422017097, -0.06137894093990326, -0.07982517778873444, -0.06424695998430252]], "lin_end.bias": [-0.19014959037303925]}