{"lin1.weight": [[0.21097296476364136, 0.4640870690345764], [0.45579415559768677, -0.5020982623100281], [-0.6778956651687622, 0.5135735273361206], [-0.45819422602653503, 0.34004127979278564], [0.7481588125228882, 0.12199285626411438], [-0.1881958246231079, 0.19121159613132477], [-0.6654843688011169, -0.296191543340683], [-0.7431241869926453, 0.15933464467525482], [0.6361295580863953, -0.4946521818637848], [0.1218213438987732, -0.668852686882019]], "lin1.bias": [-0.32325097918510437, -0.704738199710846, 0.2680063843727112, -0.08313807100057602, 0.04551539942622185, 0.4007645845413208, -0.15349306166172028, -0.06639120727777481, -0.5417462587356567, 0.6448553204536438], "lin_end.weight": [[0.546923041343689, -0.13921979069709778, -0.12618909776210785, 0.11221613734960556, 0.601862370967865, 0.2136390656232834, -0.5585315227508545, -0.38854771852493286, 0.0034902996849268675, -0.16494058072566986]], "lin_end.bias": [-0.08540017157793045]}