{"lin1.weight": [[0.32813066244125366, -0.023183509707450867], [0.15150314569473267, 0.3619137108325958], [0.37053120136260986, -0.16012315452098846], [0.2442091852426529, -0.43175071477890015], [-0.03610857203602791, 0.17145143449306488], [-0.3190975785255432, -0.14561286568641663], [0.49335741996765137, -0.15791749954223633], [0.6570181250572205, -0.44568148255348206], [0.6974921226501465, 0.3848299980163574], [0.595872700214386, 0.5579632520675659]], "lin1.bias": [0.4469987154006958, -0.4828754961490631, -0.03828054293990135, -0.00796416960656643, -0.6446470618247986, -0.22197481989860535, 0.628510057926178, 0.6675531268119812, -0.5258340239524841, 0.4019441306591034], "lin_end.weight": [[0.24608224630355835, 0.05558988079428673, 0.2969208359718323, 0.11656628549098969, 0.12295901775360107, -0.19052493572235107, 0.03244679793715477, -0.05243692547082901, -0.06738468259572983, -0.05147787183523178]], "lin_end.bias": [-0.20190945267677307]}