{"lin1.weight": [[0.15312083065509796, 0.40653499960899353], [0.46710005402565, -0.48473820090293884], [-0.664240300655365, 0.5300871133804321], [-0.4719172418117523, 0.326062947511673], [0.6912809014320374, 0.057647012174129486], [-0.21072441339492798, 0.1640799641609192], [-0.6134409308433533, -0.23881720006465912], [-0.7031803131103516, 0.20236274600028992], [0.6359139680862427, -0.4949776232242584], [0.13910304009914398, -0.6563112735748291]], "lin1.bias": [-0.3316218852996826, -0.7029599547386169, 0.27189552783966064, -0.08501902222633362, 0.04026029258966446, 0.39939722418785095, -0.15417912602424622, -0.05995883420109749, -0.5418035984039307, 0.6491852402687073], "lin_end.weight": [[0.4673924744129181, -0.1255297064781189, -0.12827035784721375, 0.11899548023939133, 0.5016122460365295, 0.20458906888961792, -0.46035608649253845, -0.33416748046875, -0.001489319372922182, -0.12173203378915787]], "lin_end.bias": [-0.10005639493465424]}