{"lin1.weight": [[0.4426397383213043, 0.6565316319465637], [0.4126645624637604, -0.5624585747718811], [-0.7269736528396606, 0.46131613850593567], [-0.4265173673629761, 0.36770573258399963], [0.9671304225921631, 0.3480638265609741], [-0.11691447347402573, 0.2673247158527374], [-0.8769007921218872, -0.5075136423110962], [-0.9020799398422241, 0.007279408164322376], [0.6393158435821533, -0.4905411899089813], [0.031093169003725052, -0.7185278534889221]], "lin1.bias": [-0.2949652671813965, -0.7108516097068787, 0.2543872594833374, -0.07968869805335999, 0.046819038689136505, 0.40157467126846313, -0.13075365126132965, -0.08292527496814728, -0.5408894419670105, 0.6252804398536682], "lin_end.weight": [[0.8258165121078491, -0.199897900223732, -0.19590052962303162, 0.06474953889846802, 0.9521926045417786, 0.2330753654241562, -0.9408531188964844, -0.6446632146835327, 0.020070787519216537, -0.3209110498428345]], "lin_end.bias": [-0.095433808863163]}