{"lin1.weight": [[0.752752959728241, 0.7979497909545898], [0.3551834225654602, -0.6109417676925659], [-0.8028031587600708, 0.43059366941452026], [-0.4227235019207001, 0.37203478813171387], [1.2217803001403809, 0.5495769381523132], [-0.05334341153502464, 0.3065703511238098], [-1.1495707035064697, -0.7263347506523132], [-1.099052906036377, -0.099788598716259], [0.6493816375732422, -0.4850398898124695], [-0.10621588677167892, -0.7219621539115906]], "lin1.bias": [-0.253951758146286, -0.7211650013923645, 0.2390434443950653, -0.0793583020567894, 0.00986617524176836, 0.3985091745853424, -0.07192306220531464, -0.07307116687297821, -0.5384471416473389, 0.6018593907356262], "lin_end.weight": [[1.0631476640701294, -0.24453462660312653, -0.40639397501945496, -0.06715795397758484, 1.273613452911377, 0.19130904972553253, -1.3745580911636353, -0.9847298860549927, 0.07045422494411469, -0.45146769285202026]], "lin_end.bias": [-0.2002228945493698]}