{"lin1.weight": [[0.0880306139588356, 0.34922468662261963], [0.4809725284576416, -0.4653163254261017], [-0.6468040347099304, 0.5494784116744995], [-0.49210789799690247, 0.30739256739616394], [0.6288235783576965, -0.004471274092793465], [-0.23978061974048615, 0.13262063264846802], [-0.5568664073944092, -0.18440578877925873], [-0.6589365601539612, 0.24502632021903992], [0.636998176574707, -0.49356570839881897], [0.15487965941429138, -0.6463251709938049]], "lin1.bias": [-0.3394594192504883, -0.7004772424697876, 0.2767981290817261, -0.08764506131410599, 0.034334395080804825, 0.3973217308521271, -0.15419352054595947, -0.05296998471021652, -0.5414894223213196, 0.6527348756790161], "lin_end.weight": [[0.38854601979255676, -0.11915983259677887, -0.12657010555267334, 0.1393960565328598, 0.3895163834095001, 0.20505498349666595, -0.3498186469078064, -0.2713083028793335, -0.015419159084558487, -0.07810309529304504]], "lin_end.bias": [-0.11742697656154633]}