{"lin1.weight": [[0.6636622548103333, 0.7722540497779846], [0.3714561462402344, -0.6025590300559998], [-0.779673159122467, 0.42972350120544434], [-0.41977179050445557, 0.3718160092830658], [1.153219223022461, 0.5034668445587158], [-0.0677633211016655, 0.30273422598838806], [-1.0720754861831665, -0.6693620085716248], [-1.0463241338729858, -0.08628969639539719], [0.6454501152038574, -0.48580676317214966], [-0.0682893693447113, -0.7343159317970276]], "lin1.bias": [-0.271499902009964, -0.7172149419784546, 0.24302297830581665, -0.07935526967048645, 0.019048567861318588, 0.39920493960380554, -0.08508281409740448, -0.07803487032651901, -0.5394238233566284, 0.6084741950035095], "lin_end.weight": [[1.0156540870666504, -0.24132923781871796, -0.3359811305999756, -0.020551564171910286, 1.2011431455612183, 0.2123563587665558, -1.2652496099472046, -0.8954054713249207, 0.04871643707156181, -0.43162602186203003]], "lin_end.bias": [-0.16528521478176117]}