{"lin1.weight": [[0.26273271441459656, 0.5060465335845947], [0.44627103209495544, -0.5154939293861389], [-0.6885870099067688, 0.5020859837532043], [-0.4483550190925598, 0.3485316336154938], [0.7986403703689575, 0.1705906242132187], [-0.17020417749881744, 0.20999892055988312], [-0.7129239439964294, -0.3400270938873291], [-0.7781969904899597, 0.12707088887691498], [0.6365441679954529, -0.49410584568977356], [0.10410981625318527, -0.6785239577293396]], "lin1.bias": [-0.31790775060653687, -0.7061318755149841, 0.2650381624698639, -0.08210200816392899, 0.04737088456749916, 0.40104711055755615, -0.15004241466522217, -0.070608951151371, -0.5416347980499268, 0.6413746476173401], "lin_end.weight": [[0.6044471859931946, -0.15183453261852264, -0.14299283921718597, 0.0960555449128151, 0.6792649030685425, 0.212128683924675, -0.6468315720558167, -0.4477275311946869, 0.007243484258651733, -0.20175859332084656]], "lin_end.bias": [-0.09032731503248215]}