{"lin1.weight": [[0.7407103180885315, 0.7949448227882385], [0.3571200370788574, -0.610160231590271], [-0.800356924533844, 0.42876824736595154], [-0.4222525954246521, 0.3717420697212219], [1.2133352756500244, 0.5424252152442932], [-0.05483396351337433, 0.3065534234046936], [-1.1393976211547852, -0.7166755199432373], [-1.0931406021118164, -0.09954168647527695], [0.6489176154136658, -0.48492416739463806], [-0.1015954464673996, -0.7258207201957703]], "lin1.bias": [-0.25506290793418884, -0.7211015224456787, 0.2384321242570877, -0.07954125106334686, 0.013248207047581673, 0.3992181420326233, -0.0757967084646225, -0.07601243257522583, -0.5384057760238647, 0.6016736626625061], "lin_end.weight": [[1.065890908241272, -0.2398778200149536, -0.3889696002006531, -0.05343223363161087, 1.273797631263733, 0.20357868075370789, -1.3550081253051758, -0.9678982496261597, 0.07284784317016602, -0.44241225719451904]], "lin_end.bias": [-0.18091431260108948]}