{"lin1.weight": [[0.3100687861442566, -0.024269668385386467], [0.14769816398620605, 0.3622734844684601], [0.3496316373348236, -0.1617361456155777], [0.23567509651184082, -0.4323884844779968], [-0.04493485391139984, 0.17171992361545563], [-0.306474894285202, -0.14442454278469086], [0.4915793538093567, -0.15792642533779144], [0.6618195176124573, -0.4461335837841034], [0.7020636200904846, 0.384443998336792], [0.6006672382354736, 0.5589130520820618]], "lin1.bias": [0.4494756758213043, -0.4828720986843109, -0.03719217702746391, -0.007935301400721073, -0.6438090205192566, -0.22321563959121704, 0.6288155317306519, 0.6668522357940674, -0.5246680378913879, 0.4017857611179352], "lin_end.weight": [[0.2406614124774933, 0.05662357062101364, 0.2855721116065979, 0.11550524830818176, 0.13546256721019745, -0.15359216928482056, 0.016495607793331146, -0.08108226209878922, -0.09962303936481476, -0.08365404605865479]], "lin_end.bias": [-0.1729762703180313]}