{"lin1.weight": [[0.39781811833381653, 0.6233153939247131], [0.4210692346096039, -0.5516338348388672], [-0.7174074053764343, 0.47054705023765564], [-0.4305018186569214, 0.3645852208137512], [0.9262097477912903, 0.3075030744075775], [-0.1290225386619568, 0.2554367482662201], [-0.835914134979248, -0.46840813755989075], [-0.871483564376831, 0.03467196971178055], [0.6385811567306519, -0.4914206564426422], [0.05048001557588577, -0.7097262144088745]], "lin1.bias": [-0.3010408878326416, -0.7095688581466675, 0.2570931613445282, -0.08009687811136246, 0.0475737601518631, 0.40154337882995605, -0.13603346049785614, -0.08022462576627731, -0.5410939455032349, 0.6294917464256287], "lin_end.weight": [[0.7736851572990417, -0.18970836699008942, -0.17928987741470337, 0.07343333959579468, 0.8872657418251038, 0.22816146910190582, -0.870856761932373, -0.595531702041626, 0.015112452208995819, -0.2952636182308197]], "lin_end.bias": [-0.09300310164690018]}