{"lin1.weight": [[0.051938194781541824, 0.31493160128593445], [0.4894079566001892, -0.4528197944164276], [-0.6352562308311462, 0.5629929900169373], [-0.506840169429779, 0.2928721010684967], [0.5957882404327393, -0.03942663595080376], [-0.25863975286483765, 0.11084048449993134], [-0.5278234481811523, -0.15451443195343018], [-0.6345444321632385, 0.2699557840824127], [0.638386607170105, -0.49167370796203613], [0.1611522138118744, -0.6420173645019531]], "lin1.bias": [-0.34341534972190857, -0.6989810466766357, 0.27996566891670227, -0.0895523652434349, 0.031022226437926292, 0.39583396911621094, -0.1539609283208847, -0.049014195799827576, -0.5411034226417542, 0.6541967988014221], "lin_end.weight": [[0.3449128270149231, -0.11461526155471802, -0.13174481689929962, 0.15411481261253357, 0.32660070061683655, 0.20961342751979828, -0.2850482761859894, -0.23870372772216797, -0.021444696933031082, -0.047679923474788666]], "lin_end.bias": [-0.12816093862056732]}