{"lin1.weight": [[0.47281888127326965, 0.6763232350349426], [0.4070203900337219, -0.5690121650695801], [-0.7334526777267456, 0.4557170569896698], [-0.4242658317089081, 0.3692619800567627], [0.9944308400154114, 0.37303099036216736], [-0.1090419590473175, 0.27426856756210327], [-0.9045469164848328, -0.5318155884742737], [-0.9224585890769958, -0.009381892159581184], [0.6399396061897278, -0.4898768663406372], [0.018081672489643097, -0.7233861684799194]], "lin1.bias": [-0.29220613837242126, -0.7114145755767822, 0.2530006468296051, -0.07958222180604935, 0.044399943202733994, 0.40116503834724426, -0.12551620602607727, -0.08323560655117035, -0.5407602190971375, 0.623109757900238], "lin_end.weight": [[0.8554630875587463, -0.20772720873355865, -0.21301627159118652, 0.054360996931791306, 0.9902830719947815, 0.2311675101518631, -0.9896408915519714, -0.6810622811317444, 0.022000690922141075, -0.3408244550228119]], "lin_end.bias": [-0.10497584939002991]}