{"lin1.weight": [[0.743702232837677, 0.7962066531181335], [0.3567754328250885, -0.610476016998291], [-0.8006134629249573, 0.4296761155128479], [-0.42231959104537964, 0.371877521276474], [1.2148752212524414, 0.5455072522163391], [-0.05460793897509575, 0.30654197931289673], [-1.1414862871170044, -0.7209580540657043], [-1.0940449237823486, -0.09946886450052261], [0.6489753723144531, -0.4849867820739746], [-0.1026366800069809, -0.7240277528762817]], "lin1.bias": [-0.2566574513912201, -0.7206256985664368, 0.23953136801719666, -0.07934200763702393, 0.009767497889697552, 0.3984903395175934, -0.07204003632068634, -0.07307960093021393, -0.5385756492614746, 0.6026520133018494], "lin_end.weight": [[1.0590720176696777, -0.2454521358013153, -0.39979392290115356, -0.06274766474962234, 1.2667102813720703, 0.19305747747421265, -1.365331768989563, -0.9771613478660583, 0.06723503768444061, -0.4516543447971344]], "lin_end.bias": [-0.19811159372329712]}