{"lin1.weight": [[0.6216961145401001, 0.7529464364051819], [0.3792192041873932, -0.5960367918014526], [-0.7687489986419678, 0.4340190291404724], [-0.41940373182296753, 0.3719392716884613], [1.1201919317245483, 0.4752822518348694], [-0.07569617033004761, 0.29808440804481506], [-1.0361558198928833, -0.6377162933349609], [-1.0199522972106934, -0.07198101282119751], [0.643872857093811, -0.4867749810218811], [-0.049196355044841766, -0.7347699999809265]], "lin1.bias": [-0.2767181694507599, -0.7158671021461487, 0.24506114423274994, -0.0793495774269104, 0.02588898129761219, 0.3997875452041626, -0.09489695727825165, -0.08057910948991776, -0.5397929549217224, 0.6116591691970825], "lin_end.weight": [[0.9853017330169678, -0.233642116189003, -0.30501818656921387, -0.0008922559209167957, 1.1606907844543457, 0.2201250046491623, -1.2053966522216797, -0.8483570218086243, 0.043431226164102554, -0.4125415086746216]], "lin_end.bias": [-0.14710943400859833]}