{"lin1.weight": [[0.3065450191497803, -0.02406165562570095], [0.1469213217496872, 0.3624100685119629], [0.34557512402534485, -0.16162189841270447], [0.23402264714241028, -0.4323483407497406], [-0.0468175932765007, 0.17196109890937805], [-0.3042689561843872, -0.1444857269525528], [0.49139490723609924, -0.15790681540966034], [0.6630595922470093, -0.4463699162006378], [0.7032418251037598, 0.3842516243457794], [0.6018875241279602, 0.5589545965194702]], "lin1.bias": [0.44979310035705566, -0.4828934371471405, -0.037198834121227264, -0.00801579374819994, -0.6437105536460876, -0.2233373373746872, 0.6288387775421143, 0.6667341589927673, -0.5243726968765259, 0.40176084637641907], "lin_end.weight": [[0.23786978423595428, 0.0561804473400116, 0.28175118565559387, 0.11319771409034729, 0.137249156832695, -0.1479155719280243, 0.011104336939752102, -0.08954592794179916, -0.1069645807147026, -0.09072514623403549]], "lin_end.bias": [-0.1702033430337906]}