{"lin1.weight": [[0.08397988229990005, 0.3443030118942261], [0.481840044260025, -0.4636440575122833], [-0.6455851793289185, 0.5512544512748718], [-0.49361351132392883, 0.30553916096687317], [0.6250759959220886, -0.009513928554952145], [-0.24173526465892792, 0.12972873449325562], [-0.5535656213760376, -0.18004585802555084], [-0.6561658978462219, 0.24855844676494598], [0.6371161937713623, -0.4933582544326782], [0.15572653710842133, -0.6455832719802856]], "lin1.bias": [-0.3399560749530792, -0.700339138507843, 0.27716609835624695, -0.0878744050860405, 0.033936455845832825, 0.3971801698207855, -0.15421980619430542, -0.05245232582092285, -0.5414552688598633, 0.6529631614685059], "lin_end.weight": [[0.38260623812675476, -0.11717940121889114, -0.12862014770507812, 0.13997241854667664, 0.38260146975517273, 0.20497804880142212, -0.34219449758529663, -0.2682976722717285, -0.014503792859613895, -0.07314534485340118]], "lin_end.bias": [-0.11852120608091354]}