{"lin1.weight": [[0.5238515734672546, 0.7110751867294312], [0.39747336506843567, -0.5804519057273865], [-0.7451266050338745, 0.44569718837738037], [-0.42131441831588745, 0.3713027834892273], [1.0384544134140015, 0.4154205322265625], [-0.09647806733846664, 0.285687118768692], [-0.9492180943489075, -0.5738621950149536], [-0.9566887617111206, -0.0376490093767643], [0.641083300113678, -0.4886567294597626], [-0.005232850089669228, -0.7320961356163025]], "lin1.bias": [-0.28630805015563965, -0.7130283713340759, 0.24977751076221466, -0.0792815312743187, 0.039696741849184036, 0.4011631906032562, -0.1159757673740387, -0.08446751534938812, -0.5404396653175354, 0.6181795597076416], "lin_end.weight": [[0.9127438068389893, -0.21811847388744354, -0.2344159185886383, 0.04389563947916031, 1.0602948665618896, 0.236576646566391, -1.0651768445968628, -0.7357782125473022, 0.029017506167292595, -0.36704888939857483]], "lin_end.bias": [-0.10840068757534027]}