{"lin1.weight": [[0.7521446943283081, 0.7992081046104431], [0.3551345765590668, -0.6113138198852539], [-0.8032149076461792, 0.42933207750320435], [-0.4227738380432129, 0.37183791399002075], [1.2215608358383179, 0.5499795079231262], [-0.05323600396513939, 0.3070065975189209], [-1.1489752531051636, -0.7262812256813049], [-1.099441409111023, -0.10135188698768616], [0.6494399905204773, -0.4848465323448181], [-0.10639601200819016, -0.7235968708992004]], "lin1.bias": [-0.2532752454280853, -0.7214284539222717, 0.23829308152198792, -0.07948712259531021, 0.011016251519322395, 0.3988730311393738, -0.07299768179655075, -0.07445836067199707, -0.5383312106132507, 0.6011212468147278], "lin_end.weight": [[1.069211483001709, -0.2425730675458908, -0.4008619487285614, -0.06208924949169159, 1.279569387435913, 0.1974024921655655, -1.3716254234313965, -0.981338620185852, 0.07307813316583633, -0.4480837881565094]], "lin_end.bias": [-0.19123613834381104]}