{"lin1.weight": [[0.3938804864883423, 0.6234327554702759], [0.4217575788497925, -0.5513707399368286], [-0.7166998386383057, 0.4706670939922333], [-0.43087679147720337, 0.3645804226398468], [0.922491192817688, 0.30731838941574097], [-0.1300804316997528, 0.2553088068962097], [-0.832151472568512, -0.4682871997356415], [-0.8689749240875244, 0.034769099205732346], [0.6385267376899719, -0.491437166929245], [0.052014805376529694, -0.7100203037261963]], "lin1.bias": [-0.3005519211292267, -0.7095383405685425, 0.2571353316307068, -0.08004884421825409, 0.048569656908512115, 0.4017281234264374, -0.13726626336574554, -0.08068660646677017, -0.5410999059677124, 0.6293469667434692], "lin_end.weight": [[0.7736039757728577, -0.18946000933647156, -0.17373989522457123, 0.07767686992883682, 0.8851059079170227, 0.23134402930736542, -0.8647300004959106, -0.5892527103424072, 0.014428171329200268, -0.29296058416366577]], "lin_end.bias": [-0.08856124430894852]}