{"lin1.weight": [[0.11944612115621567, 0.37840351462364197], [0.47410154342651367, -0.4754710793495178], [-0.6555096507072449, 0.5393372774124146], [-0.4815335273742676, 0.31764647364616394], [0.6585203409194946, 0.02672106772661209], [-0.2252085953950882, 0.14926229417324066], [-0.5836964249610901, -0.21170032024383545], [-0.6801589131355286, 0.22350502014160156], [0.636197566986084, -0.4946540594100952], [0.14771389961242676, -0.6510922312736511]], "lin1.bias": [-0.3355197310447693, -0.7017610669136047, 0.2742462456226349, -0.08616460114717484, 0.03752646595239639, 0.39848193526268005, -0.15448424220085144, -0.05661799758672714, -0.5417270064353943, 0.6510254144668579], "lin_end.weight": [[0.42811262607574463, -0.1231892928481102, -0.12361858040094376, 0.1303773820400238, 0.4446537494659424, 0.20527483522891998, -0.40368321537971497, -0.29970061779022217, -0.009873711504042149, -0.10060092806816101]], "lin_end.bias": [-0.10707059502601624]}