{"lin1.weight": [[0.110113725066185, 0.36834752559661865], [0.4760953187942505, -0.47216522693634033], [-0.6529950499534607, 0.5426203608512878], [-0.48451659083366394, 0.31434497237205505], [0.6496517062187195, 0.01599249057471752], [-0.22939027845859528, 0.14379796385765076], [-0.5757076740264893, -0.2022605538368225], [-0.6738218069076538, 0.23082955181598663], [0.6363939642906189, -0.4943571090698242], [0.1499919444322586, -0.6493100523948669]], "lin1.bias": [-0.33680734038352966, -0.7014251351356506, 0.27498021721839905, -0.08660617470741272, 0.03655624762177467, 0.39815473556518555, -0.15444150567054749, -0.05548691004514694, -0.5416709780693054, 0.651620090007782], "lin_end.weight": [[0.4148576259613037, -0.12055926024913788, -0.12630274891853333, 0.13155719637870789, 0.4281366765499115, 0.20424294471740723, -0.3873753547668457, -0.29217326641082764, -0.010015282779932022, -0.092261902987957]], "lin_end.bias": [-0.11043496429920197]}