{"lin1.weight": [[0.10452255606651306, 0.3643878996372223], [0.4773871898651123, -0.47078126668930054], [-0.651451051235199, 0.5440355539321899], [-0.48634660243988037, 0.31293636560440063], [0.6442819237709045, 0.011701335199177265], [-0.23202577233314514, 0.14155222475528717], [-0.5708208680152893, -0.19854719936847687], [-0.6700522899627686, 0.23385027050971985], [0.6365332007408142, -0.4942128360271454], [0.15123185515403748, -0.6486323475837708]], "lin1.bias": [-0.3375171422958374, -0.701177716255188, 0.2753698527812958, -0.08683079481124878, 0.03598657622933388, 0.39790427684783936, -0.15430065989494324, -0.05492784455418587, -0.5416334271430969, 0.6518731117248535], "lin_end.weight": [[0.40850913524627686, -0.12192938476800919, -0.1254485547542572, 0.133653461933136, 0.41775384545326233, 0.2040921002626419, -0.37879353761672974, -0.2868008315563202, -0.013258105143904686, -0.09052625298500061]], "lin_end.bias": [-0.11325458437204361]}