{"lin1.weight": [[0.415958046913147, 0.6392096281051636], [0.41761305928230286, -0.5565165877342224], [-0.7213165163993835, 0.4662782847881317], [-0.4287053942680359, 0.3662046790122986], [0.9429107308387756, 0.32636699080467224], [-0.12390609085559845, 0.26110243797302246], [-0.852395236492157, -0.4864391088485718], [-0.8840502500534058, 0.021778514608740807], [0.6389005184173584, -0.4910069704055786], [0.04268389940261841, -0.7142918705940247]], "lin1.bias": [-0.2979815900325775, -0.710102915763855, 0.2559289336204529, -0.07985324412584305, 0.0479494072496891, 0.4016997814178467, -0.1344752013683319, -0.08178335428237915, -0.5410031676292419, 0.6274935007095337], "lin_end.weight": [[0.7983075976371765, -0.1941790133714676, -0.182985320687294, 0.07245203852653503, 0.916523277759552, 0.2327815294265747, -0.899463415145874, -0.6141882538795471, 0.01708097942173481, -0.30596569180488586]], "lin_end.bias": [-0.09078206866979599]}