{"lin1.weight": [[0.05414452776312828, 0.31739798188209534], [0.4888864755630493, -0.4537341892719269], [-0.6360173225402832, 0.5619672536849976], [-0.5058434009552002, 0.294007271528244], [0.5977394580841064, -0.0370401106774807], [-0.2574261724948883, 0.11248449981212616], [-0.5294924974441528, -0.15651844441890717], [-0.6360381245613098, 0.26820823550224304], [0.638279914855957, -0.49184536933898926], [0.1608266979455948, -0.6422826647758484]], "lin1.bias": [-0.34315112233161926, -0.6990789771080017, 0.2797362804412842, -0.08939839154481888, 0.03124156966805458, 0.39594948291778564, -0.15397311747074127, -0.04929465055465698, -0.5411353707313538, 0.6541117429733276], "lin_end.weight": [[0.34799352288246155, -0.11524618417024612, -0.13051488995552063, 0.15355484187602997, 0.33055615425109863, 0.2095293551683426, -0.289011687040329, -0.2402014583349228, -0.021492401137948036, -0.050024859607219696]], "lin_end.bias": [-0.12713855504989624]}