{"lin1.weight": [[0.1947394609451294, 0.4447696805000305], [0.4589962363243103, -0.4964882433414459], [-0.6741446256637573, 0.5186960101127625], [-0.46184107661247253, 0.3357134461402893], [0.7322311401367188, 0.10052406042814255], [-0.19432419538497925, 0.18252940475940704], [-0.6509691476821899, -0.2767949402332306], [-0.7317507266998291, 0.17355437576770782], [0.6360460519790649, -0.49478939175605774], [0.1270747184753418, -0.6643197536468506]], "lin1.bias": [-0.32600218057632446, -0.7043159008026123, 0.2690661549568176, -0.08367037028074265, 0.04397795349359512, 0.4004257321357727, -0.15372730791568756, -0.06448959559202194, -0.5417680740356445, 0.6463636755943298], "lin_end.weight": [[0.5213035941123962, -0.13253624737262726, -0.12968875467777252, 0.11140158027410507, 0.5728329420089722, 0.20915916562080383, -0.5296897292137146, -0.37427008152008057, 0.004810301586985588, -0.1496698260307312]], "lin_end.bias": [-0.08985768258571625]}