{"lin1.weight": [[0.15081284940242767, 0.40461885929107666], [0.467522531747818, -0.48408085107803345], [-0.6636930108070374, 0.5307161808013916], [-0.4725193977355957, 0.3255288004875183], [0.6890386343002319, 0.05547094717621803], [-0.2116433084011078, 0.16307967901229858], [-0.6113666892051697, -0.236903578042984], [-0.7016168832778931, 0.203828826546669], [0.6359206438064575, -0.49496808648109436], [0.1397513598203659, -0.655961811542511]], "lin1.bias": [-0.33191969990730286, -0.7028598189353943, 0.27209803462028503, -0.08511754870414734, 0.0399906225502491, 0.39932796359062195, -0.1541663408279419, -0.05963974446058273, -0.5418010950088501, 0.649337112903595], "lin_end.weight": [[0.4646345376968384, -0.1251680850982666, -0.12814444303512573, 0.11962760984897614, 0.49772152304649353, 0.20447729527950287, -0.4565601348876953, -0.3318963050842285, -0.0018368635792285204, -0.12044930458068848]], "lin_end.bias": [-0.10060621052980423]}