{"lin1.weight": [[0.2296523004770279, 0.4802941083908081], [0.4523756206035614, -0.5071588158607483], [-0.6817390322685242, 0.5092164278030396], [-0.45434021949768066, 0.34355854988098145], [0.7662953734397888, 0.1401788890361786], [-0.1814921498298645, 0.19857457280158997], [-0.6822230815887451, -0.31233182549476624], [-0.7556965351104736, 0.14723309874534607], [0.6362473964691162, -0.4944864511489868], [0.11559225618839264, -0.6726236939430237]], "lin1.bias": [-0.32113757729530334, -0.7053027749061584, 0.2668560743331909, -0.08264770358800888, 0.04643261432647705, 0.4010245203971863, -0.1524248868227005, -0.06816736608743668, -0.5417117476463318, 0.6435227394104004], "lin_end.weight": [[0.5695593357086182, -0.1434868574142456, -0.12963178753852844, 0.1080453097820282, 0.6314677596092224, 0.21484005451202393, -0.5894848704338074, -0.40825286507606506, 0.005158891901373863, -0.17768679559230804]], "lin_end.bias": [-0.08421874046325684]}