{"lin1.weight": [[0.7763825058937073, 0.802306056022644], [0.3508402705192566, -0.6121950149536133], [-0.8093175888061523, 0.4327479600906372], [-0.42403724789619446, 0.3724425733089447], [1.2399184703826904, 0.5589337944984436], [-0.049962449818849564, 0.30669304728507996], [-1.1705485582351685, -0.7390739321708679], [-1.112851858139038, -0.10019702464342117], [0.6506311893463135, -0.4851209819316864], [-0.11595270037651062, -0.7170968055725098]], "lin1.bias": [-0.24734826385974884, -0.722661554813385, 0.2375013381242752, -0.07945730537176132, 0.009428598918020725, 0.3986853063106537, -0.07093559205532074, -0.07282327860593796, -0.5380233526229858, 0.599638044834137], "lin_end.weight": [[1.0763270854949951, -0.24100854992866516, -0.4227166771888733, -0.07743506878614426, 1.294137716293335, 0.18870683014392853, -1.3979086875915527, -1.0041143894195557, 0.08054715394973755, -0.44991335272789]], "lin_end.bias": [-0.20265041291713715]}