{"lin1.weight": [[0.6990271806716919, 0.7832800149917603], [0.36474448442459106, -0.6063399910926819], [-0.789039134979248, 0.42859116196632385], [-0.42066362500190735, 0.3717253804206848], [1.1810967922210693, 0.5220196843147278], [-0.06162386015057564, 0.3048466444015503], [-1.1031670570373535, -0.6913847327232361], [-1.0680099725723267, -0.09360077977180481], [0.6468852162361145, -0.4853593707084656], [-0.08368539065122604, -0.7312347292900085]], "lin1.bias": [-0.26311755180358887, -0.7191295623779297, 0.2406630516052246, -0.07945788651704788, 0.017648078501224518, 0.39939773082733154, -0.08209512382745743, -0.07806599140167236, -0.5389679074287415, 0.6049578785896301], "lin_end.weight": [[1.0414369106292725, -0.23976977169513702, -0.35752996802330017, -0.033180635422468185, 1.237614631652832, 0.21123503148555756, -1.3053699731826782, -0.9272254109382629, 0.060941360890865326, -0.43495726585388184]], "lin_end.bias": [-0.16821257770061493]}