{"lin1.weight": [[0.796001672744751, 0.8127740621566772], [0.3471788763999939, -0.6148694753646851], [-0.8157711625099182, 0.43194326758384705], [-0.4254191517829895, 0.3722984790802002], [1.2539466619491577, 0.5734075903892517], [-0.04704214259982109, 0.3080918788909912], [-1.1862314939498901, -0.7571491003036499], [-1.1249957084655762, -0.10547275841236115], [0.6519166231155396, -0.4846058487892151], [-0.12512464821338654, -0.7156779170036316]], "lin1.bias": [-0.24330072104930878, -0.7237997055053711, 0.2357580065727234, -0.07960403710603714, 0.0063574961386621, 0.3987593948841095, -0.06661097705364227, -0.07194371521472931, -0.5375843048095703, 0.5972694158554077], "lin_end.weight": [[1.0936607122421265, -0.2421579360961914, -0.4347077012062073, -0.0842144563794136, 1.3152865171432495, 0.18849465250968933, -1.4226250648498535, -1.0221822261810303, 0.08613899350166321, -0.4536575376987457]], "lin_end.bias": [-0.20495709776878357]}