{"lin1.weight": [[0.7297112345695496, 0.7883846759796143], [0.3592376410961151, -0.6083328723907471], [-0.7967325448989868, 0.4304939806461334], [-0.42170268297195435, 0.37196052074432373], [1.204823613166809, 0.5340870022773743], [-0.05677751451730728, 0.30527615547180176], [-1.1301802396774292, -0.7072762250900269], [-1.0857716798782349, -0.09482554346323013], [0.6482725143432617, -0.4853432774543762], [-0.09627541899681091, -0.7250645160675049]], "lin1.bias": [-0.2583470344543457, -0.7202227711677551, 0.24004094302654266, -0.07938195019960403, 0.013058975338935852, 0.3988206088542938, -0.0764029324054718, -0.07472500205039978, -0.5387131571769714, 0.6036578416824341], "lin_end.weight": [[1.0506796836853027, -0.2413262277841568, -0.38758140802383423, -0.05441705137491226, 1.2559707164764404, 0.19793953001499176, -1.3438457250595093, -0.9607567191123962, 0.06714332103729248, -0.4437076449394226]], "lin_end.bias": [-0.18824078142642975]}