{"lin1.weight": [[0.46661415696144104, 0.67328941822052], [0.40815016627311707, -0.5679357051849365], [-0.7321869730949402, 0.45661088824272156], [-0.4246727228164673, 0.3690468370914459], [0.9887364506721497, 0.36885136365890503], [-0.11059215664863586, 0.2732005715370178], [-0.8986543416976929, -0.5277599096298218], [-0.9183663129806519, -0.006647964008152485], [0.6398181319236755, -0.4899800717830658], [0.02067466825246811, -0.7227800488471985]], "lin1.bias": [-0.29284730553627014, -0.7112653255462646, 0.2532830238342285, -0.07960133254528046, 0.04467606917023659, 0.4012216627597809, -0.1263471245765686, -0.08309800177812576, -0.5407885909080505, 0.6234942674636841], "lin_end.weight": [[0.8502209782600403, -0.20688650012016296, -0.20920242369174957, 0.05676214024424553, 0.9828887581825256, 0.23174409568309784, -0.980458676815033, -0.67389976978302, 0.020977411419153214, -0.3378225862979889]], "lin_end.bias": [-0.1032751053571701]}