{"lin1.weight": [[0.14082728326320648, 0.3959416449069977], [0.46955621242523193, -0.4812605082988739], [-0.661138117313385, 0.5335136651992798], [-0.4752458333969116, 0.3230553865432739], [0.6792628765106201, 0.0458555594086647], [-0.21582797169685364, 0.15860484540462494], [-0.6024634838104248, -0.22841571271419525], [-0.6947348117828369, 0.2103678286075592], [0.6359646320343018, -0.49491381645202637], [0.14240820705890656, -0.6543088555335999]], "lin1.bias": [-0.33308640122413635, -0.7025264501571655, 0.2727912366390228, -0.08544106781482697, 0.03919204697012901, 0.3990970253944397, -0.1542951911687851, -0.05864281579852104, -0.5417886972427368, 0.6499170660972595], "lin_end.weight": [[0.45279785990715027, -0.12375305593013763, -0.12683802843093872, 0.12281826138496399, 0.48110705614089966, 0.20468366146087646, -0.4393758177757263, -0.32154253125190735, -0.003583497367799282, -0.11347328871488571]], "lin_end.bias": [-0.10208416730165482]}