{"lin1.weight": [[0.3640463352203369, 0.5993142127990723], [0.4274473786354065, -0.5437447428703308], [-0.7104665040969849, 0.47707417607307434], [-0.4342557489871979, 0.3617463707923889], [0.8949876427650452, 0.27939942479133606], [-0.13875910639762878, 0.24633847177028656], [-0.8054236769676208, -0.4418807923793793], [-0.8485479354858398, 0.05385538563132286], [0.6380961537361145, -0.49196046590805054], [0.06456446647644043, -0.7031723260879517]], "lin1.bias": [-0.30368679761886597, -0.7088461518287659, 0.25871148705482483, -0.08036244660615921, 0.05001299828290939, 0.40177226066589355, -0.14166806638240814, -0.07939161360263824, -0.5412011742591858, 0.6319113373756409], "lin_end.weight": [[0.7378391027450562, -0.18156486749649048, -0.1629749834537506, 0.08363139629364014, 0.841255247592926, 0.22862957417964935, -0.8162786960601807, -0.5555852055549622, 0.012163674458861351, -0.2727787494659424]], "lin_end.bias": [-0.08593138307332993]}