{"lin1.weight": [[0.8223372101783752, 0.8138898015022278], [0.34253475069999695, -0.6149758696556091], [-0.8225953578948975, 0.4380691945552826], [-0.4271400272846222, 0.37359580397605896], [1.273703694343567, 0.5803713202476501], [-0.04381505027413368, 0.30703380703926086], [-1.2097774744033813, -0.7689895033836365], [-1.1391891241073608, -0.10056263953447342], [0.6534300446510315, -0.4853329062461853], [-0.1350902020931244, -0.7068619132041931]], "lin1.bias": [-0.2363063246011734, -0.7252588868141174, 0.23510341346263885, -0.07952047884464264, 0.004819339606910944, 0.39859792590141296, -0.06506858766078949, -0.06967620551586151, -0.5371940732002258, 0.5958188772201538], "lin_end.weight": [[1.0986659526824951, -0.23853665590286255, -0.4600399136543274, -0.10222723335027695, 1.3285866975784302, 0.17779386043548584, -1.4487106800079346, -1.0458874702453613, 0.09587406367063522, -0.45325058698654175]], "lin_end.bias": [-0.21757762134075165]}