{"lin1.weight": [[0.019641460850834846, 0.28788629174232483], [0.4982270300388336, -0.4418398439884186], [-0.6232882738113403, 0.5754008889198303], [-0.5231587290763855, 0.278462290763855], [0.5679557919502258, -0.06521762162446976], [-0.2782920300960541, 0.0912787988781929], [-0.5038031935691833, -0.13302817940711975], [-0.6130221486091614, 0.2895991802215576], [0.6406924724578857, -0.4889691174030304], [0.1646767109632492, -0.639773964881897]], "lin1.bias": [-0.34666186571121216, -0.6973789930343628, 0.28286412358283997, -0.0914594978094101, 0.02824424020946026, 0.3939807713031769, -0.15340562164783478, -0.045847877860069275, -0.5405054688453674, 0.654952883720398], "lin_end.weight": [[0.30959352850914, -0.12004461884498596, -0.13376569747924805, 0.1736242175102234, 0.2665179967880249, 0.21744924783706665, -0.22814033925533295, -0.20880214869976044, -0.0367840938270092, -0.026356426998972893]], "lin_end.bias": [-0.14265316724777222]}