{"lin1.weight": [[0.3082348108291626, -0.024297749623656273], [0.1472950130701065, 0.36231330037117004], [0.34750738739967346, -0.16183583438396454], [0.23480623960494995, -0.4324304461479187], [-0.045908987522125244, 0.17176958918571472], [-0.3053198754787445, -0.14437134563922882], [0.4914736747741699, -0.15792210400104523], [0.6624457240104675, -0.44620481133461], [0.7026656866073608, 0.38439399003982544], [0.6012848615646362, 0.5589788556098938]], "lin1.bias": [0.4496530592441559, -0.48288318514823914, -0.037176214158535004, -0.00796783808618784, -0.6437559723854065, -0.22328779101371765, 0.6288294792175293, 0.6667871475219727, -0.5245186686515808, 0.40176519751548767], "lin_end.weight": [[0.23932801187038422, 0.056258536875247955, 0.2837541997432709, 0.1146361455321312, 0.13635706901550293, -0.15047255158424377, 0.013906462118029594, -0.0850951075553894, -0.1035744920372963, -0.08751300722360611]], "lin_end.bias": [-0.17135483026504517]}