{"lin1.weight": [[0.3594556152820587, 0.5904430747032166], [0.4282456338405609, -0.5413581132888794], [-0.7094326615333557, 0.47918036580085754], [-0.4348451793193817, 0.36070606112480164], [0.8910259008407593, 0.26938241720199585], [-0.140086829662323, 0.24324248731136322], [-0.8017335534095764, -0.4323451519012451], [-0.8452819585800171, 0.060512278228998184], [0.6380228996276855, -0.49214980006217957], [0.06672456115484238, -0.7005416750907898]], "lin1.bias": [-0.30457180738449097, -0.7088179588317871, 0.2590775787830353, -0.0804746001958847, 0.05005388706922531, 0.4017948508262634, -0.14250127971172333, -0.0787937119603157, -0.541222095489502, 0.6327316761016846], "lin_end.weight": [[0.7276942133903503, -0.17665909230709076, -0.16516828536987305, 0.08168813586235046, 0.8322408199310303, 0.22603963315486908, -0.8060421347618103, -0.5510421991348267, 0.015234253369271755, -0.2655165195465088]], "lin_end.bias": [-0.08618021756410599]}