{"lin1.weight": [[0.3176317811012268, -0.02438466250896454], [0.1493196040391922, 0.3619922995567322], [0.3582819402217865, -0.16170772910118103], [0.23923958837985992, -0.43238282203674316], [-0.04110550880432129, 0.17130465805530548], [-0.31145116686820984, -0.14453217387199402], [0.49219223856925964, -0.15798494219779968], [0.6595283150672913, -0.44573166966438293], [0.6999334096908569, 0.3847610354423523], [0.5983707904815674, 0.5585734844207764]], "lin1.bias": [0.4484538435935974, -0.4828803241252899, -0.03760131075978279, -0.00790510792285204, -0.6441853642463684, -0.22273093461990356, 0.6287133693695068, 0.6671640276908875, -0.5252078175544739, 0.4018478989601135], "lin_end.weight": [[0.2428034543991089, 0.0553365983068943, 0.29045772552490234, 0.1168033629655838, 0.12974713742733002, -0.16868333518505096, 0.02358386106789112, -0.06775938719511032, -0.08683788031339645, -0.07117552310228348]], "lin_end.bias": [-0.1851787269115448]}