{"lin1.weight": [[0.49005964398384094, 0.6870442032814026], [0.40373748540878296, -0.5725553035736084], [-0.7373995184898376, 0.45250049233436584], [-0.4231467843055725, 0.3699844479560852], [1.0098389387130737, 0.38593921065330505], [-0.10459845513105392, 0.27791696786880493], [-0.920064389705658, -0.5443733930587769], [-0.9342429637908936, -0.018301749601960182], [0.6403566598892212, -0.48947298526763916], [0.010448412969708443, -0.7262853384017944]], "lin1.bias": [-0.28995585441589355, -0.7120108008384705, 0.25190404057502747, -0.07945264130830765, 0.04353252053260803, 0.40129703283309937, -0.1230979934334755, -0.08397280424833298, -0.5406427383422852, 0.6214850544929504], "lin_end.weight": [[0.8751941919326782, -0.20942656695842743, -0.21960672736167908, 0.0514494888484478, 1.015249252319336, 0.2340308278799057, -1.0137759447097778, -0.698776125907898, 0.026203183457255363, -0.34768450260162354]], "lin_end.bias": [-0.10365389287471771]}