{"lin1.weight": [[0.7057930827140808, 0.7850760221481323], [0.3634256422519684, -0.6069449186325073], [-0.7909665107727051, 0.4283504784107208], [-0.42085641622543335, 0.3717004060745239], [1.1865544319152832, 0.5248498916625977], [-0.060382526367902756, 0.30518901348114014], [-1.1091258525848389, -0.6947289109230042], [-1.072293758392334, -0.09475830942392349], [0.6472271680831909, -0.4852748513221741], [-0.08661217987537384, -0.7308537364006042]], "lin1.bias": [-0.2607959806919098, -0.7196899056434631, 0.23989880084991455, -0.07950937747955322, 0.018260639160871506, 0.39966973662376404, -0.08249323070049286, -0.07878202944993973, -0.538812518119812, 0.6039473414421082], "lin_end.weight": [[1.0485596656799316, -0.23762309551239014, -0.3592270612716675, -0.03337572515010834, 1.2470908164978027, 0.2138514667749405, -1.3106744289398193, -0.9312055110931396, 0.0653497502207756, -0.43269437551498413]], "lin_end.bias": [-0.16395331919193268]}