{"lin1.weight": [[0.4358972907066345, 0.6496572494506836], [0.41392645239830017, -0.5604090690612793], [-0.7254143953323364, 0.46313878893852234], [-0.4270820915699005, 0.3671441972255707], [0.961399257183075, 0.34022942185401917], [-0.11869675666093826, 0.2650319039821625], [-0.8713270425796509, -0.4998592734336853], [-0.8974865674972534, 0.01256539486348629], [0.6391783356666565, -0.49073687195777893], [0.034220702946186066, -0.7165340781211853]], "lin1.bias": [-0.2966687083244324, -0.7104765176773071, 0.2550637423992157, -0.0798347219824791, 0.046489421278238297, 0.4013170003890991, -0.13118566572666168, -0.08194656670093536, -0.5409477949142456, 0.626413106918335], "lin_end.weight": [[0.8141923546791077, -0.1987392008304596, -0.19715777039527893, 0.06279418617486954, 0.9392746090888977, 0.22865541279315948, -0.9318146705627441, -0.6397181153297424, 0.018553996458649635, -0.3187703490257263]], "lin_end.bias": [-0.1000799611210823]}