{"lin1.weight": [[0.007831286638975143, 0.275862455368042], [0.5015349984169006, -0.4364315867424011], [-0.6185169219970703, 0.5813975930213928], [-0.5300872921943665, 0.2711338698863983], [0.5585452318191528, -0.07583558559417725], [-0.2859894335269928, 0.08161446452140808], [-0.4958568215370178, -0.12429319322109222], [-0.6052486896514893, 0.2980409860610962], [0.641825795173645, -0.48726215958595276], [0.16548390686511993, -0.6391998529434204]], "lin1.bias": [-0.3478875756263733, -0.6966935992240906, 0.2842942178249359, -0.09249265491962433, 0.02713780850172043, 0.3931856155395508, -0.15322069823741913, -0.04439656808972359, -0.5401539206504822, 0.6551544070243835], "lin_end.weight": [[0.29523995518684387, -0.11838212609291077, -0.14003831148147583, 0.1800808310508728, 0.245167538523674, 0.22082072496414185, -0.20601889491081238, -0.20034003257751465, -0.038129277527332306, -0.014221624471247196]], "lin_end.bias": [-0.14807067811489105]}