{"lin1.weight": [[0.05888860672712326, 0.3219512403011322], [0.48768144845962524, -0.4554018974304199], [-0.6376696228981018, 0.5601028800010681], [-0.5037354230880737, 0.29608747363090515], [0.6020194888114929, -0.03253860026597977], [-0.25477683544158936, 0.11548512428998947], [-0.5331941843032837, -0.16034191846847534], [-0.6392600536346436, 0.26493626832962036], [0.6380482912063599, -0.4921426773071289], [0.1601286679506302, -0.6427881717681885]], "lin1.bias": [-0.3425751328468323, -0.6992878913879395, 0.2793232202529907, -0.08912990242242813, 0.03169001638889313, 0.3962000906467438, -0.15405865013599396, -0.049794554710388184, -0.5411950945854187, 0.6539420485496521], "lin_end.weight": [[0.3540576696395874, -0.11525148898363113, -0.12931199371814728, 0.15182478725910187, 0.33937904238700867, 0.20922710001468658, -0.2972222566604614, -0.24401001632213593, -0.02005147933959961, -0.05368122458457947]], "lin_end.bias": [-0.12472957372665405]}