{"lin1.weight": [[0.4638235569000244, 0.6690006852149963], [0.4085356593132019, -0.5666622519493103], [-0.7316702008247375, 0.45764267444610596], [-0.4248788058757782, 0.36874619126319885], [0.986437976360321, 0.36316949129104614], [-0.11122964322566986, 0.2717818021774292], [-0.8962458372116089, -0.5220887660980225], [-0.9165613651275635, -0.0031668611336499453], [0.6397638916969299, -0.4901310205459595], [0.021996524184942245, -0.7218928337097168]], "lin1.bias": [-0.29158806800842285, -0.7116711735725403, 0.2530404329299927, -0.07948077470064163, 0.046757735311985016, 0.4018784165382385, -0.12889771163463593, -0.08424919843673706, -0.5407532453536987, 0.6232432126998901], "lin_end.weight": [[0.8502596616744995, -0.20055460929870605, -0.20321603119373322, 0.06174958869814873, 0.9839766621589661, 0.23748527467250824, -0.9693592190742493, -0.6655493378639221, 0.0266807209700346, -0.32744714617729187]], "lin_end.bias": [-0.09159768372774124]}