{"lin1.weight": [[0.30205288529396057, -0.02411590702831745], [0.14594663679599762, 0.3625265657901764], [0.34042808413505554, -0.16184765100479126], [0.23191702365875244, -0.4324369430541992], [-0.049267664551734924, 0.17213284969329834], [-0.30154505372047424, -0.14433597028255463], [0.4912717640399933, -0.15790998935699463], [0.6648528575897217, -0.44666025042533875], [0.7048555612564087, 0.38411039113998413], [0.6036364436149597, 0.5591968297958374]], "lin1.bias": [0.4500965476036072, -0.48295462131500244, -0.0373321957886219, -0.00818486139178276, -0.6436423063278198, -0.2234254777431488, 0.6288508772850037, 0.6666240692138672, -0.5238675475120544, 0.4017861783504486], "lin_end.weight": [[0.23342058062553406, 0.054620273411273956, 0.2763826251029968, 0.1100585013628006, 0.13884690403938293, -0.14114037156105042, 0.003285378450527787, -0.10118570923805237, -0.1173405572772026, -0.10178035497665405]], "lin_end.bias": [-0.16819870471954346]}