{"lin1.weight": [[0.5821219682693481, 0.736254096031189], [0.3865290582180023, -0.5899463295936584], [-0.7588684558868408, 0.43836134672164917], [-0.4195925295352936, 0.3719632923603058], [1.0879241228103638, 0.45070314407348633], [-0.0835631936788559, 0.29363128542900085], [-1.0013467073440552, -0.6107577681541443], [-0.9947057962417603, -0.0587124302983284], [0.642622172832489, -0.4875546991825104], [-0.03129197284579277, -0.7346460223197937]], "lin1.bias": [-0.28132277727127075, -0.7145603895187378, 0.24713276326656342, -0.07930832356214523, 0.03141865134239197, 0.4002705216407776, -0.10333061963319778, -0.08217150717973709, -0.5400980710983276, 0.6145437359809875], "lin_end.weight": [[0.9564173221588135, -0.22771424055099487, -0.2767098844051361, 0.017031647264957428, 1.1209744215011597, 0.22654101252555847, -1.1499464511871338, -0.8041548132896423, 0.037280067801475525, -0.3958034813404083]], "lin_end.bias": [-0.13205663859844208]}