{"lin1.weight": [[0.29531988501548767, 0.5327427983283997], [0.4400293529033661, -0.5238293409347534], [-0.6957274079322815, 0.49465882778167725], [-0.44330647587776184, 0.35285988450050354], [0.8304992914199829, 0.20249612629413605], [-0.1595773547887802, 0.22103382647037506], [-0.7435978055000305, -0.36981329321861267], [-0.8009173274040222, 0.10571150481700897], [0.636983335018158, -0.49355706572532654], [0.09223753958940506, -0.685086190700531]], "lin1.bias": [-0.3135991096496582, -0.7069645524024963, 0.26320332288742065, -0.0816013514995575, 0.04874240234494209, 0.401199072599411, -0.14821410179138184, -0.0731564462184906, -0.5415241718292236, 0.6388437747955322], "lin_end.weight": [[0.6427211165428162, -0.1593586653470993, -0.1534469574689865, 0.08802594989538193, 0.7293354272842407, 0.21355320513248444, -0.7020470499992371, -0.4844787120819092, 0.010562701150774956, -0.22379367053508759]], "lin_end.bias": [-0.09191542118787766]}