{"lin1.weight": [[0.7858684659004211, 0.803732693195343], [0.3491171598434448, -0.6126109957695007], [-0.8119785189628601, 0.4338633418083191], [-0.4246053695678711, 0.3726643919944763], [1.247175693511963, 0.562246561050415], [-0.04862023517489433, 0.3066557049751282], [-1.1789289712905884, -0.7438077330589294], [-1.1183807849884033, -0.0998658686876297], [0.6511816382408142, -0.4851965308189392], [-0.11982012540102005, -0.7149413228034973]], "lin1.bias": [-0.2450467050075531, -0.7232034802436829, 0.23702079057693481, -0.07946915924549103, 0.008788896724581718, 0.3986959755420685, -0.07008770108222961, -0.07232740521430969, -0.5378620624542236, 0.5989107489585876], "lin_end.weight": [[1.0806986093521118, -0.2398553192615509, -0.4302996098995209, -0.08243624866008759, 1.3013885021209717, 0.18666020035743713, -1.4076974391937256, -1.012528896331787, 0.08426888287067413, -0.44993266463279724]], "lin_end.bias": [-0.20508509874343872]}