{"lin1.weight": [[0.33989956974983215, 0.5714110732078552], [0.43172454833984375, -0.5355777740478516], [-0.7053321599960327, 0.4841528534889221], [-0.43724822998046875, 0.35833945870399475], [0.872913122177124, 0.24693039059638977], [-0.14581957459449768, 0.23605480790138245], [-0.7842327952384949, -0.41109514236450195], [-0.8318480253219604, 0.0754038542509079], [0.6376754641532898, -0.49266520142555237], [0.07478561252355576, -0.6955775618553162]], "lin1.bias": [-0.30704471468925476, -0.7083803415298462, 0.260292112827301, -0.0807480439543724, 0.05024498701095581, 0.40185827016830444, -0.1449591964483261, -0.07733255624771118, -0.5413182377815247, 0.6346448063850403], "lin_end.weight": [[0.7023007273674011, -0.1682906597852707, -0.1603083461523056, 0.08463676273822784, 0.8028133511543274, 0.22394496202468872, -0.7716463804244995, -0.5289580225944519, 0.01694418489933014, -0.2491193264722824]], "lin_end.bias": [-0.08352874964475632]}