{"lin1.weight": [[0.3123738765716553, 0.5491392016410828], [0.43682652711868286, -0.5287767648696899], [-0.6994989514350891, 0.490237832069397], [-0.44090238213539124, 0.35521775484085083], [0.846667468547821, 0.221418559551239], [-0.15428370237350464, 0.22740910947322845], [-0.7590744495391846, -0.3875786364078522], [-0.8128259181976318, 0.09295038878917694], [0.6372167468070984, -0.4932270348072052], [0.08554588258266449, -0.6894427537918091]], "lin1.bias": [-0.31126669049263, -0.7074059844017029, 0.26212987303733826, -0.08130338042974472, 0.04903480038046837, 0.40131106972694397, -0.14664039015769958, -0.07458112388849258, -0.5414601564407349, 0.6372352242469788], "lin_end.weight": [[0.6656825542449951, -0.1649855077266693, -0.15626884996891022, 0.08620454370975494, 0.7566923499107361, 0.21640847623348236, -0.7310031652450562, -0.5025224089622498, 0.010773932561278343, -0.23665229976177216]], "lin_end.bias": [-0.0913059189915657]}