{"lin1.weight": [[0.8020483255386353, 0.8118964433670044], [0.34632715582847595, -0.6144882440567017], [-0.8164510726928711, 0.4350665807723999], [-0.42563319206237793, 0.3729191720485687], [1.2578749656677246, 0.5749388337135315], [-0.04656379669904709, 0.3073601722717285], [-1.191394329071045, -0.7605831027030945], [-1.1270594596862793, -0.10243513435125351], [0.6521021723747253, -0.485050767660141], [-0.12686875462532043, -0.7116082906723022]], "lin1.bias": [-0.24300028383731842, -0.7236849069595337, 0.23688116669654846, -0.07930946350097656, 0.003984076902270317, 0.39820271730422974, -0.06431985646486282, -0.06915141642093658, -0.5377190113067627, 0.5980644226074219], "lin_end.weight": [[1.0856866836547852, -0.244862899184227, -0.4479807913303375, -0.09535981714725494, 1.308841347694397, 0.17715884745121002, -1.432562232017517, -1.0320249795913696, 0.08368713408708572, -0.4591918885707855]], "lin_end.bias": [-0.22133146226406097]}