{"lin1.weight": [[0.6707053184509277, 0.7733393311500549], [0.3701961636543274, -0.6031039953231812], [-0.7813342809677124, 0.4299466609954834], [-0.41990697383880615, 0.37183868885040283], [1.1587611436843872, 0.5061794519424438], [-0.0665949210524559, 0.3029147684574127], [-1.0783590078353882, -0.67278653383255], [-1.0504480600357056, -0.0867713987827301], [0.6456900238990784, -0.48577773571014404], [-0.07126311212778091, -0.733013391494751]], "lin1.bias": [-0.27085644006729126, -0.7173938155174255, 0.24294012784957886, -0.07934022694826126, 0.017653632909059525, 0.3990001082420349, -0.08334557712078094, -0.07710268348455429, -0.5393880605697632, 0.6083199381828308], "lin_end.weight": [[1.0172145366668701, -0.24227817356586456, -0.3435554504394531, -0.02605210803449154, 1.2048248052597046, 0.20851849019527435, -1.2748665809631348, -0.9039276838302612, 0.049480363726615906, -0.43466466665267944]], "lin_end.bias": [-0.17128020524978638]}