{"lin1.weight": [[0.40970703959465027, 0.6322484612464905], [0.41878101229667664, -0.5544885993003845], [-0.7199167013168335, 0.46810510754585266], [-0.4293252229690552, 0.3655211627483368], [0.9373411536216736, 0.3184928894042969], [-0.12565499544143677, 0.258714497089386], [-0.8470045328140259, -0.478926420211792], [-0.8796781897544861, 0.027218522503972054], [0.6387868523597717, -0.491183340549469], [0.045524682849645615, -0.7121437191963196]], "lin1.bias": [-0.29912957549095154, -0.7098959684371948, 0.25642162561416626, -0.07997086644172668, 0.04788566008210182, 0.40158697962760925, -0.13518543541431427, -0.08108747005462646, -0.541041374206543, 0.6283685564994812], "lin_end.weight": [[0.7879007458686829, -0.19205863773822784, -0.1833479255437851, 0.07142658531665802, 0.9051651954650879, 0.22982573509216309, -0.8894892930984497, -0.6084223985671997, 0.016820522025227547, -0.30185699462890625]], "lin_end.bias": [-0.09295209497213364]}