{"lin1.weight": [[0.8160304427146912, 0.8106582760810852], [0.34373897314071655, -0.6142204999923706], [-0.8203964829444885, 0.43813344836235046], [-0.4266015887260437, 0.3736068904399872], [1.2691411972045898, 0.5758963823318481], [-0.044710975140333176, 0.30667057633399963], [-1.204636573791504, -0.7632609009742737], [-1.1352357864379883, -0.09910120815038681], [0.6529584527015686, -0.4854704737663269], [-0.13220129907131195, -0.7074082493782043]], "lin1.bias": [-0.23810289800167084, -0.7248154282569885, 0.23580089211463928, -0.07943432778120041, 0.005233480595052242, 0.3984999656677246, -0.06578965485095978, -0.06962061673402786, -0.5373796224594116, 0.596725344657898], "lin_end.weight": [[1.0924216508865356, -0.2389506995677948, -0.4569239914417267, -0.10074210911989212, 1.3209948539733887, 0.17693814635276794, -1.4416333436965942, -1.040901780128479, 0.09321173280477524, -0.4532693028450012]], "lin_end.bias": [-0.218532532453537]}