{"lin1.weight": [[0.0051002539694309235, 0.2734185755252838], [0.5024365782737732, -0.4353812038898468], [-0.6172839403152466, 0.5826694369316101], [-0.5317923426628113, 0.2695446014404297], [0.5563784241676331, -0.07790841162204742], [-0.2879454791545868, 0.07964908331632614], [-0.49405843019485474, -0.12261630594730377], [-0.6034195423126221, 0.29977691173553467], [0.6421424150466919, -0.4869050085544586], [0.1655934900045395, -0.6391177773475647]], "lin1.bias": [-0.34816163778305054, -0.6965556740760803, 0.2845190763473511, -0.09266160428524017, 0.026941468939185143, 0.3929787874221802, -0.15317055583000183, -0.0441739484667778, -0.540088415145874, 0.6551780104637146], "lin_end.weight": [[0.2920927405357361, -0.11929888278245926, -0.14075541496276855, 0.18188941478729248, 0.23970212042331696, 0.2216404229402542, -0.20116133987903595, -0.19817911088466644, -0.039890434592962265, -0.012122858315706253]], "lin_end.bias": [-0.14988797903060913]}