{"lin1.weight": [[0.4252563416957855, 0.6435367465019226], [0.4160464107990265, -0.5583066940307617], [-0.723038911819458, 0.4649637043476105], [-0.42794179916381836, 0.36660876870155334], [0.9516463875770569, 0.3328336775302887], [-0.12155643105506897, 0.26284337043762207], [-0.8615178465843201, -0.4926992952823639], [-0.8901835083961487, 0.017714565619826317], [0.6390101909637451, -0.4908864498138428], [0.03879590332508087, -0.7148545980453491]], "lin1.bias": [-0.2990058362483978, -0.7099020481109619, 0.25589656829833984, -0.07999888807535172, 0.04571276903152466, 0.40096670389175415, -0.13130640983581543, -0.08074942231178284, -0.5410096645355225, 0.6276581883430481], "lin_end.weight": [[0.8005720376968384, -0.19981282949447632, -0.19538922607898712, 0.06273876130580902, 0.9214400053024292, 0.22442886233329773, -0.9191944003105164, -0.6309080123901367, 0.013711714185774326, -0.31796616315841675]], "lin_end.bias": [-0.10562485456466675]}