{"lin1.weight": [[0.8179842829704285, 0.8120625019073486], [0.343364417552948, -0.6145262122154236], [-0.8210757374763489, 0.43808361887931824], [-0.426765501499176, 0.3735927939414978], [1.2704174518585205, 0.5777824521064758], [-0.04444517940282822, 0.30683040618896484], [-1.2060694694519043, -0.7656757831573486], [-1.1363892555236816, -0.09975548088550568], [0.653103768825531, -0.48541200160980225], [-0.13311825692653656, -0.707257091999054]], "lin1.bias": [-0.23750047385692596, -0.7249538898468018, 0.23558716475963593, -0.07945983111858368, 0.005012625828385353, 0.3985227942466736, -0.06546681374311447, -0.06958398967981339, -0.5373223423957825, 0.5964072346687317], "lin_end.weight": [[1.0944321155548096, -0.23907797038555145, -0.45789363980293274, -0.10121608525514603, 1.3232957124710083, 0.17714741826057434, -1.4440765380859375, -1.042487621307373, 0.09381364285945892, -0.4534817337989807]], "lin_end.bias": [-0.21845895051956177]}