{"lin1.weight": [[0.5259734392166138, 0.7115765810012817], [0.3971553146839142, -0.5807599425315857], [-0.7455047369003296, 0.44554993510246277], [-0.4212224781513214, 0.3713180422782898], [1.0403131246566772, 0.41647934913635254], [-0.0960286483168602, 0.28590208292007446], [-0.951225221157074, -0.5749744772911072], [-0.9579994678497314, -0.03814908489584923], [0.6411250233650208, -0.4886271357536316], [-0.00613471819087863, -0.731891393661499]], "lin1.bias": [-0.28689563274383545, -0.7129167318344116, 0.24987521767616272, -0.07932187616825104, 0.038671500980854034, 0.4008946120738983, -0.11474977433681488, -0.08385056257247925, -0.540450394153595, 0.618391752243042], "lin_end.weight": [[0.9119450449943542, -0.21986009180545807, -0.23847074806690216, 0.0406327098608017, 1.0599701404571533, 0.2334156632423401, -1.0700929164886475, -0.7402716875076294, 0.027667084708809853, -0.37049269676208496]], "lin_end.bias": [-0.11372409760951996]}