{"lin1.weight": [[0.7360622882843018, 0.7941984534263611], [0.35787034034729004, -0.6099314093589783], [-0.7993303537368774, 0.4283575415611267], [-0.4220854341983795, 0.3716759979724884], [1.2096840143203735, 0.540469229221344], [-0.05550599843263626, 0.3065463602542877], [-1.1351497173309326, -0.7141910791397095], [-1.0905741453170776, -0.09936352074146271], [0.6487146615982056, -0.48490554094314575], [-0.09979540854692459, -0.7268698811531067]], "lin1.bias": [-0.25594767928123474, -0.7209215760231018, 0.23855961859226227, -0.07955428212881088, 0.01360150333493948, 0.3992882966995239, -0.07636857777833939, -0.07626987993717194, -0.5384540557861328, 0.6018751263618469], "lin_end.weight": [[1.0646438598632812, -0.23977375030517578, -0.38469696044921875, -0.05034680292010307, 1.2711516618728638, 0.20551835000514984, -1.3495166301727295, -0.9631925821304321, 0.07190258800983429, -0.44142842292785645]], "lin_end.bias": [-0.17811612784862518]}