{"lin1.weight": [[0.26011791825294495, 0.5052412748336792], [0.44673338532447815, -0.5150914788246155], [-0.6880843639373779, 0.5023892521858215], [-0.4487778842449188, 0.3483658730983734], [0.7960585355758667, 0.16944850981235504], [-0.17105236649513245, 0.2095530480146408], [-0.7103920578956604, -0.3389991223812103], [-0.7764597535133362, 0.12783056497573853], [0.6365224123001099, -0.4941228926181793], [0.10502037405967712, -0.6784342527389526]], "lin1.bias": [-0.3178831934928894, -0.7060794830322266, 0.265141099691391, -0.08209991455078125, 0.04752508923411369, 0.4011155962944031, -0.1504155844449997, -0.07058737426996231, -0.5416396260261536, 0.641416072845459], "lin_end.weight": [[0.6034407019615173, -0.15150246024131775, -0.14006172120571136, 0.09845820814371109, 0.6767191886901855, 0.2137274295091629, -0.6422140598297119, -0.44359728693962097, 0.0068407864309847355, -0.20009669661521912]], "lin_end.bias": [-0.08815716952085495]}