{"lin1.weight": [[-0.0040602488443255424, 0.2660347819328308], [0.505251944065094, -0.4317365288734436], [-0.6133506894111633, 0.586787223815918], [-0.5376673340797424, 0.26446253061294556], [0.5494386553764343, -0.0841396301984787], [-0.2944277226924896, 0.07323374599218369], [-0.4882360100746155, -0.1176154837012291], [-0.5974922776222229, 0.3050459921360016], [0.6432226300239563, -0.4855789840221405], [0.1658966988325119, -0.6389482021331787]], "lin1.bias": [-0.3489934504032135, -0.6959394812583923, 0.28561487793922424, -0.09344670176506042, 0.026180211454629898, 0.3922637403011322, -0.15301021933555603, -0.043177470564842224, -0.5397630929946899, 0.6552401185035706], "lin_end.weight": [[0.28288596868515015, -0.12167918682098389, -0.14237307012081146, 0.18930570781230927, 0.22204440832138062, 0.22534143924713135, -0.18465229868888855, -0.1899881511926651, -0.04495671018958092, -0.00631951168179512]], "lin_end.bias": [-0.15481622517108917]}