{"lin1.weight": [[0.30376532673835754, -0.024491513147950172], [0.14632712304592133, 0.3623961806297302], [0.34241122007369995, -0.1622566133737564], [0.23271451890468597, -0.43259572982788086], [-0.04831439256668091, 0.17185078561306], [-0.3025926649570465, -0.1441354602575302], [0.49129539728164673, -0.15791623294353485], [0.6641626954078674, -0.446423202753067], [0.7041682600975037, 0.38433948159217834], [0.6029216051101685, 0.5592691898345947]], "lin1.bias": [0.450018048286438, -0.4829303026199341, -0.037239573895931244, -0.008110389113426208, -0.6436557173728943, -0.2234206646680832, 0.6288486123085022, 0.666683554649353, -0.5240630507469177, 0.4017588794231415], "lin_end.weight": [[0.23570579290390015, 0.05496497079730034, 0.27918851375579834, 0.11248940974473953, 0.13824324309825897, -0.14312191307544708, 0.007090607658028603, -0.09556163847446442, -0.11347073316574097, -0.09793411940336227]], "lin_end.bias": [-0.1681051254272461]}