{"lin1.weight": [[0.6913896799087524, 0.7791472673416138], [0.36638253927230835, -0.6050673127174377], [-0.7863531112670898, 0.43014273047447205], [-0.4203781187534332, 0.37187469005584717], [1.1747537851333618, 0.517318606376648], [-0.06317855417728424, 0.30386361479759216], [-1.0964914560317993, -0.6863815188407898], [-1.062444806098938, -0.090224988758564], [0.6464729905128479, -0.4856317341327667], [-0.07987070083618164, -0.7300186157226562]], "lin1.bias": [-0.26615872979164124, -0.7182912826538086, 0.242124542593956, -0.07933225482702255, 0.01632307842373848, 0.3988278806209564, -0.08120803534984589, -0.07622763514518738, -0.5391995310783386, 0.6067590117454529], "lin_end.weight": [[1.0275541543960571, -0.2431369572877884, -0.3598670959472656, -0.036950502544641495, 1.2212671041488647, 0.20337538421154022, -1.3002923727035522, -0.9245947003364563, 0.05426204949617386, -0.43922674655914307]], "lin_end.bias": [-0.17978624999523163]}