{"lin1.weight": [[0.49022960662841797, 0.6913570761680603], [0.40385934710502625, -0.5736874938011169], [-0.7374385595321655, 0.45145702362060547], [-0.42312148213386536, 0.3702264428138733], [1.0095126628875732, 0.39097604155540466], [-0.1046413853764534, 0.2791835367679596], [-0.9196720719337463, -0.549433171749115], [-0.9343446493148804, -0.021537477150559425], [0.6403489708900452, -0.489337295293808], [0.010018076747655869, -0.7275034189224243]], "lin1.bias": [-0.2906811535358429, -0.7117603421211243, 0.25195103883743286, -0.07948163151741028, 0.042355310171842575, 0.4009774327278137, -0.12152696400880814, -0.08357131481170654, -0.5406597256660461, 0.6214169859886169], "lin_end.weight": [[0.8765503168106079, -0.21432384848594666, -0.22016704082489014, 0.05073637142777443, 1.014527678489685, 0.232391357421875, -1.018986701965332, -0.7014772295951843, 0.02148650586605072, -0.3541507422924042]], "lin_end.bias": [-0.10887419432401657]}