{"lin1.weight": [[0.6166865229606628, 0.749038577079773], [0.3801524341106415, -0.594846248626709], [-0.7673412561416626, 0.43514564633369446], [-0.4193872809410095, 0.37196236848831177], [1.1163432598114014, 0.47036099433898926], [-0.07669241726398468, 0.2971131503582001], [-1.0320943593978882, -0.6324069499969482], [-1.0166593790054321, -0.06894298642873764], [0.6436890959739685, -0.48696285486221313], [-0.0467136986553669, -0.7340392470359802]], "lin1.bias": [-0.2775132358074188, -0.7156550288200378, 0.24550792574882507, -0.07934195548295975, 0.02658359706401825, 0.39977747201919556, -0.09608699381351471, -0.08052706718444824, -0.5398545265197754, 0.6123242378234863], "lin_end.weight": [[0.9792678952217102, -0.23237594962120056, -0.3030988872051239, -0.00011571776121854782, 1.1538476943969727, 0.2192964404821396, -1.1980361938476562, -0.8433255553245544, 0.042858876287937164, -0.4101693332195282]], "lin_end.bias": [-0.14695817232131958]}