{"lin1.weight": [[0.6815795302391052, 0.7773652076721191], [0.36809149384498596, -0.6044036746025085], [-0.7842833995819092, 0.42920541763305664], [-0.4201492369174957, 0.3717910945415497], [1.1675010919570923, 0.5123622417449951], [-0.06461901217699051, 0.3037562370300293], [-1.0880024433135986, -0.6798394918441772], [-1.0573043823242188, -0.08976250886917114], [0.6461359858512878, -0.4856019616127014], [-0.07604797184467316, -0.7326738834381104]], "lin1.bias": [-0.2674981355667114, -0.7181434035301208, 0.2419029325246811, -0.07938789576292038, 0.01828654855489731, 0.39927324652671814, -0.08347218483686447, -0.07799384742975235, -0.5392103791236877, 0.6068353056907654], "lin_end.weight": [[1.027990460395813, -0.240602508187294, -0.34738531708717346, -0.027430381625890732, 1.2190524339675903, 0.21120384335517883, -1.285676121711731, -0.9118806719779968, 0.054710350930690765, -0.4335988163948059]], "lin_end.bias": [-0.16754765808582306]}