{"lin1.weight": [[0.13792622089385986, 0.39265143871307373], [0.47016382217407227, -0.48025718331336975], [-0.660348653793335, 0.5345437526702881], [-0.47607678174972534, 0.3221115171909332], [0.6764512658119202, 0.042384274303913116], [-0.21706964075565338, 0.15695041418075562], [-0.5999733209609985, -0.2253638207912445], [-0.6926965117454529, 0.21275168657302856], [0.6359856128692627, -0.49488192796707153], [0.14318299293518066, -0.6536462903022766]], "lin1.bias": [-0.3335722088813782, -0.7024185061454773, 0.2730259299278259, -0.08557970821857452, 0.03886493667960167, 0.3989710807800293, -0.1542675942182541, -0.05826365575194359, -0.5417826175689697, 0.6501385569572449], "lin_end.weight": [[0.4481250047683716, -0.12311664968729019, -0.1280767023563385, 0.12259834259748459, 0.47551417350769043, 0.2037026733160019, -0.43469056487083435, -0.31953251361846924, -0.0038822670467197895, -0.11125291138887405]], "lin_end.bias": [-0.10389818996191025]}