{"lin1.weight": [[0.6602962613105774, 0.772664487361908], [0.37214505672454834, -0.602556586265564], [-0.7788206338882446, 0.42947906255722046], [-0.41971465945243835, 0.37179863452911377], [1.1502273082733154, 0.5033960938453674], [-0.06839513033628464, 0.3028237223625183], [-1.0687211751937866, -0.6691781282424927], [-1.0441763401031494, -0.08658631891012192], [0.6453263759613037, -0.48578590154647827], [-0.06697507947683334, -0.7349336743354797]], "lin1.bias": [-0.2726588845252991, -0.7169485688209534, 0.2432839721441269, -0.07934566587209702, 0.01846844144165516, 0.39908427000045776, -0.08450806140899658, -0.07770144939422607, -0.5394725203514099, 0.6088051795959473], "lin_end.weight": [[1.0134223699569702, -0.24303625524044037, -0.33438360691070557, -0.019780270755290985, 1.1972167491912842, 0.21175310015678406, -1.2631133794784546, -0.8932873010635376, 0.04608319699764252, -0.4332934021949768]], "lin_end.bias": [-0.16691268980503082]}