{"lin1.weight": [[0.19656938314437866, 0.447480171918869], [0.4586639702320099, -0.49727681279182434], [-0.6745743751525879, 0.5179619193077087], [-0.4614132344722748, 0.3363296687602997], [0.7340586185455322, 0.10362737625837326], [-0.19363737106323242, 0.18377162516117096], [-0.6526579260826111, -0.2796202600002289], [-0.7330709099769592, 0.17152728140354156], [0.6360592842102051, -0.49476122856140137], [0.12647712230682373, -0.6649131774902344]], "lin1.bias": [-0.3257268965244293, -0.7043350338935852, 0.26894092559814453, -0.08361614495515823, 0.044171784073114395, 0.40041497349739075, -0.15368124842643738, -0.06472752243280411, -0.5417647957801819, 0.6461815237998962], "lin_end.weight": [[0.5242630839347839, -0.134248286485672, -0.1291951835155487, 0.11137085407972336, 0.5757541656494141, 0.20927971601486206, -0.5337821245193481, -0.37618112564086914, 0.003641643561422825, -0.1526157259941101]], "lin_end.bias": [-0.09032778441905975]}