{"lin1.weight": [[0.3230012357234955, -0.023462384939193726], [0.1504439413547516, 0.3620411455631256], [0.36456039547920227, -0.16044901311397552], [0.2418135404586792, -0.4318847954273224], [-0.038489971309900284, 0.17155790328979492], [-0.31523817777633667, -0.14532528817653656], [0.49275028705596924, -0.15792100131511688], [0.6581556797027588, -0.4457564949989319], [0.6985863447189331, 0.3846742808818817], [0.5970032811164856, 0.5581841468811035]], "lin1.bias": [0.44773542881011963, -0.4828707277774811, -0.037904735654592514, -0.0079128947108984, -0.6444039940834045, -0.22235429286956787, 0.628621518611908, 0.6673495173454285, -0.5255382061004639, 0.40192893147468567], "lin_end.weight": [[0.24466483294963837, 0.05620066076517105, 0.2936878502368927, 0.11622216552495956, 0.12662826478481293, -0.1798587441444397, 0.028241243213415146, -0.060008395463228226, -0.07595744729042053, -0.06023046746850014]], "lin_end.bias": [-0.19332517683506012]}