{"lin1.weight": [[0.5016855001449585, 0.6988931894302368], [0.401776522397995, -0.5762456655502319], [-0.7399418950080872, 0.449357807636261], [-0.42248040437698364, 0.3706420361995697], [1.0192956924438477, 0.40066489577293396], [-0.10191823542118073, 0.28164994716644287], [-0.929739236831665, -0.5591861009597778], [-0.9418376684188843, -0.02772020921111107], [0.6405757665634155, -0.4890967905521393], [0.0048254732973873615, -0.7290842533111572]], "lin1.bias": [-0.2897449731826782, -0.7120054960250854, 0.25137603282928467, -0.07945053279399872, 0.04083353653550148, 0.40079233050346375, -0.118899866938591, -0.08344732224941254, -0.5406052470207214, 0.6205317974090576], "lin_end.weight": [[0.8873189687728882, -0.21788139641284943, -0.22697249054908752, 0.04654034972190857, 1.0279805660247803, 0.23129914700984955, -1.0373938083648682, -0.7152096033096313, 0.02160962112247944, -0.36184316873550415]], "lin_end.bias": [-0.11335673183202744]}