{"lin1.weight": [[0.18575647473335266, 0.4371768832206726], [0.46070924401283264, -0.4941646158695221], [-0.6721151471138, 0.5208869576454163], [-0.46386614441871643, 0.3339090645313263], [0.7234118580818176, 0.09194330871105194], [-0.19774740934371948, 0.1789497435092926], [-0.6428610682487488, -0.2692071199417114], [-0.7256636619567871, 0.1792859137058258], [0.6359846591949463, -0.49486956000328064], [0.12976442277431488, -0.6626808047294617]], "lin1.bias": [-0.3269555866718292, -0.704068124294281, 0.2695903182029724, -0.08388534188270569, 0.043528001755476, 0.4003015160560608, -0.15414339303970337, -0.06373592466115952, -0.5417841672897339, 0.6469031572341919], "lin_end.weight": [[0.5109261274337769, -0.13097791373729706, -0.12759080529212952, 0.11409146338701248, 0.5586302280426025, 0.20926037430763245, -0.5144595503807068, -0.36455732583999634, 0.0035335475113242865, -0.14336653053760529]], "lin_end.bias": [-0.09019788354635239]}