{"lin1.weight": [[0.7235685586929321, 0.7854543328285217], [0.36035966873168945, -0.6074590682983398], [-0.794950544834137, 0.43089139461517334], [-0.4214303195476532, 0.3720010817050934], [1.2001922130584717, 0.5297810435295105], [-0.05778168886899948, 0.30475956201553345], [-1.1250073909759521, -0.7021464109420776], [-1.0819475650787354, -0.09299750626087189], [0.6479576230049133, -0.485493004322052], [-0.0934678167104721, -0.7254505753517151]], "lin1.bias": [-0.2589976191520691, -0.7200501561164856, 0.24027198553085327, -0.07939410209655762, 0.014424976892769337, 0.3989492952823639, -0.07821933180093765, -0.07541460543870926, -0.5387750864028931, 0.6040595769882202], "lin_end.weight": [[1.046867847442627, -0.23988939821720123, -0.3822174668312073, -0.05083179473876953, 1.2509218454360962, 0.19989489018917084, -1.3346278667449951, -0.9534971714019775, 0.06670214980840683, -0.4404630959033966]], "lin_end.bias": [-0.18433716893196106]}