{"lin1.weight": [[0.2076207548379898, 0.46092522144317627], [0.4564633369445801, -0.5011773109436035], [-0.6771718263626099, 0.5144050717353821], [-0.45891672372817993, 0.3393290638923645], [0.7448518872261047, 0.1184498593211174], [-0.18945588171482086, 0.18980258703231812], [-0.6624295115470886, -0.29303881525993347], [-0.7408442497253418, 0.16170640289783478], [0.6361152529716492, -0.4946708381175995], [0.12288202345371246, -0.6680757999420166]], "lin1.bias": [-0.3237733840942383, -0.7046380639076233, 0.26819583773612976, -0.08323539048433304, 0.045214056968688965, 0.40067562460899353, -0.15351995825767517, -0.06604506075382233, -0.5417499542236328, 0.645114541053772], "lin_end.weight": [[0.5422414541244507, -0.1388183981180191, -0.12622667849063873, 0.11239977180957794, 0.5958964824676514, 0.21282151341438293, -0.5532084107398987, -0.3855154812335968, 0.0027838461101055145, -0.16291020810604095]], "lin_end.bias": [-0.08662615716457367]}