{"lin1.weight": [[0.596104621887207, 0.7416156530380249], [0.38410428166389465, -0.5920287370681763], [-0.7619920372962952, 0.43712300062179565], [-0.41946372389793396, 0.3719511032104492], [1.0993880033493042, 0.45958566665649414], [-0.08088386803865433, 0.2950532138347626], [-1.0139247179031372, -0.6205488443374634], [-1.0033034086227417, -0.06315721571445465], [0.6429928541183472, -0.48734426498413086], [-0.03741850703954697, -0.7340654134750366]], "lin1.bias": [-0.2807124853134155, -0.7147236466407776, 0.2468295842409134, -0.07934220135211945, 0.028544552624225616, 0.3997132182121277, -0.0993310734629631, -0.08076050877571106, -0.5400591492652893, 0.6141231656074524], "lin_end.weight": [[0.9622588157653809, -0.23225070536136627, -0.2908116281032562, 0.006863746326416731, 1.1304234266281128, 0.21942898631095886, -1.1726301908493042, -0.8229010701179504, 0.03645123541355133, -0.4057040214538574]], "lin_end.bias": [-0.14510373771190643]}