{"lin1.weight": [[0.3038574159145355, 0.5403339266777039], [0.43844297528266907, -0.526145339012146], [-0.697586178779602, 0.4925689697265625], [-0.4420895576477051, 0.3539852201938629], [0.8387113809585571, 0.21135413646697998], [-0.1569051295518875, 0.22403283417224884], [-0.7514982223510742, -0.3780604302883148], [-0.8068730235099792, 0.09971018880605698], [0.6371043920516968, -0.4933922588825226], [0.08895941823720932, -0.6870759129524231]], "lin1.bias": [-0.31252652406692505, -0.7071790099143982, 0.2626878023147583, -0.08146340399980545, 0.048937130719423294, 0.4012411832809448, -0.1474868804216385, -0.07385361194610596, -0.5414915680885315, 0.6381187438964844], "lin_end.weight": [[0.6534931063652039, -0.1618007868528366, -0.1555042415857315, 0.08655963838100433, 0.7426839470863342, 0.21448369324207306, -0.7164592742919922, -0.49380844831466675, 0.010972102172672749, -0.2299322485923767]], "lin_end.bias": [-0.0920114517211914]}