{"lin1.weight": [[0.6043833494186401, 0.7430058717727661], [0.3825075328350067, -0.5927768349647522], [-0.7639601230621338, 0.4369931221008301], [-0.41941165924072266, 0.37195414304733276], [1.1062297821044922, 0.46262282133102417], [-0.07924788445234299, 0.29546964168548584], [-1.0214042663574219, -0.6241627335548401], [-1.0084125995635986, -0.06418544799089432], [0.6432458758354187, -0.48728296160697937], [-0.04089890420436859, -0.7331302165985107]], "lin1.bias": [-0.2794954776763916, -0.7150200009346008, 0.24656358361244202, -0.07934259623289108, 0.02765720896422863, 0.39961275458335876, -0.09811339527368546, -0.0802244022488594, -0.540006160736084, 0.6137118935585022], "lin_end.weight": [[0.9660534262657166, -0.23231519758701324, -0.2980370819568634, 0.0020065235439687967, 1.1371955871582031, 0.21699418127536774, -1.1830543279647827, -0.8320386409759521, 0.03867310285568237, -0.4078443944454193]], "lin_end.bias": [-0.14888633787631989]}