{"lin1.weight": [[0.5537412166595459, 0.7264159917831421], [0.39187708497047424, -0.5860871076583862], [-0.7521430253982544, 0.4412960112094879], [-0.42025429010391235, 0.37176617980003357], [1.0635104179382324, 0.4363301992416382], [-0.0897519513964653, 0.2905617654323578], [-0.9754406213760376, -0.5957703590393066], [-0.9762075543403625, -0.05024576932191849], [0.6418282985687256, -0.4880226254463196], [-0.018817238509655, -0.734067976474762]], "lin1.bias": [-0.2849629819393158, -0.713481068611145, 0.24869878590106964, -0.0793454498052597, 0.03374968096613884, 0.40028756856918335, -0.10763648897409439, -0.08227565884590149, -0.5403110980987549, 0.6165936589241028], "lin_end.weight": [[0.9339357614517212, -0.22725878655910492, -0.25905919075012207, 0.027475208044052124, 1.0889402627944946, 0.2278500199317932, -1.1138150691986084, -0.7746825218200684, 0.02909013070166111, -0.3881283104419708]], "lin_end.bias": [-0.1278630942106247]}