{"lin1.weight": [[0.023877575993537903, 0.29182660579681396], [0.4969477355480194, -0.4434956908226013], [-0.6249823570251465, 0.5735594034194946], [-0.5207836031913757, 0.28075361251831055], [0.571466326713562, -0.06167227402329445], [-0.27553120255470276, 0.09426016360521317], [-0.5067852735519409, -0.13597635924816132], [-0.6158384084701538, 0.28682205080986023], [0.6402830481529236, -0.4894711673259735], [0.1643097996711731, -0.6400407552719116]], "lin1.bias": [-0.3462308943271637, -0.6975838541984558, 0.28250038623809814, -0.0912003144621849, 0.028573762625455856, 0.3942428231239319, -0.1534714698791504, -0.04623023420572281, -0.5405998826026917, 0.6548696160316467], "lin_end.weight": [[0.3145180344581604, -0.1195433959364891, -0.13274556398391724, 0.17114005982875824, 0.2744552791118622, 0.21630366146564484, -0.23583899438381195, -0.21231837570667267, -0.035024493932724, -0.02997712790966034]], "lin_end.bias": [-0.14058314263820648]}