{"lin1.weight": [[0.2719459533691406, 0.5118434429168701], [0.4443618655204773, -0.5174016356468201], [-0.6906461715698242, 0.5003944039344788], [-0.44684186577796936, 0.34957945346832275], [0.8078651428222656, 0.1775919646024704], [-0.1670369952917099, 0.21253396570682526], [-0.7217897772789001, -0.34652966260910034], [-0.7846748232841492, 0.12228061258792877], [0.6366541385650635, -0.49400320649147034], [0.10093940049409866, -0.6799423098564148]], "lin1.bias": [-0.3162766396999359, -0.7064800262451172, 0.26450756192207336, -0.08192197233438492, 0.04830455780029297, 0.40127113461494446, -0.15024954080581665, -0.07147884368896484, -0.5416046380996704, 0.6406704187393188], "lin_end.weight": [[0.615164577960968, -0.15100887417793274, -0.14580343663692474, 0.09420084953308105, 0.6948586702346802, 0.2137289047241211, -0.66017085313797, -0.4570572078227997, 0.011290095746517181, -0.20425334572792053]], "lin_end.bias": [-0.08744442462921143]}