{"lin1.weight": [[0.6245805025100708, 0.7534868717193604], [0.3786965012550354, -0.5962877869606018], [-0.7694135308265686, 0.433997243642807], [-0.419405996799469, 0.37193936109542847], [1.1225289106369019, 0.47643744945526123], [-0.07516095042228699, 0.29821449518203735], [-1.038733720779419, -0.6390814185142517], [-1.0216737985610962, -0.072343610227108], [0.6439678072929382, -0.4867522418498993], [-0.050401024520397186, -0.7344101667404175]], "lin1.bias": [-0.27604538202285767, -0.7160307168960571, 0.2448769509792328, -0.07934977114200592, 0.025860609486699104, 0.3998105227947235, -0.09474196285009384, -0.08062883466482162, -0.539759635925293, 0.6114107966423035], "lin_end.weight": [[0.987054169178009, -0.233353391289711, -0.30686280131340027, -0.002040636260062456, 1.1634913682937622, 0.21991832554340363, -1.2084416151046753, -0.8509171009063721, 0.04452929273247719, -0.4125620722770691]], "lin_end.bias": [-0.1473613977432251]}