{"lin1.weight": [[0.6763848662376404, 0.7779785990715027], [0.36901724338531494, -0.6044131517410278], [-0.7831958532333374, 0.42855003476142883], [-0.4200572073459625, 0.37173914909362793], [1.1630913019180298, 0.5117567181587219], [-0.06547392159700394, 0.3039718568325043], [-1.0829190015792847, -0.6788637638092041], [-1.054329752922058, -0.09037227928638458], [0.6459560990333557, -0.4855324625968933], [-0.07414910942316055, -0.7341113686561584]], "lin1.bias": [-0.2687208950519562, -0.717908501625061, 0.2420155555009842, -0.07939410209655762, 0.018141094595193863, 0.39931023120880127, -0.0834050253033638, -0.07811792194843292, -0.539249837398529, 0.6070020794868469], "lin_end.weight": [[1.0271975994110107, -0.24156057834625244, -0.3425152897834778, -0.023952387273311615, 1.2160195112228394, 0.2132301926612854, -1.2805464267730713, -0.9069055914878845, 0.052660148590803146, -0.43371421098709106]], "lin_end.bias": [-0.16525720059871674]}