{"lin1.weight": [[0.025668121874332428, 0.2929597496986389], [0.4964676797389984, -0.4440544545650482], [-0.6256310343742371, 0.5729603171348572], [-0.5198132395744324, 0.2814367115497589], [0.5729592442512512, -0.06058342009782791], [-0.2744150757789612, 0.09517209231853485], [-0.5080904364585876, -0.13686871528625488], [-0.6170058846473694, 0.2859645187854767], [0.6401350498199463, -0.4896343946456909], [0.16413843631744385, -0.640112042427063]], "lin1.bias": [-0.3460521697998047, -0.6977105736732483, 0.28228768706321716, -0.09105532616376877, 0.028773700818419456, 0.39437195658683777, -0.15354111790657043, -0.046453218907117844, -0.5406529307365417, 0.6548339128494263], "lin_end.weight": [[0.3161662817001343, -0.11885102838277817, -0.13299518823623657, 0.16972218453884125, 0.27794745564460754, 0.21578295528888702, -0.23883728682994843, -0.21420054137706757, -0.03375451639294624, -0.030362645164132118]], "lin_end.bias": [-0.13961759209632874]}