{"lin1.weight": [[0.7581066489219666, 0.7992079257965088], [0.3541310429573059, -0.6113105416297913], [-0.8044246435165405, 0.4307387173175812], [-0.4230262041091919, 0.37206652760505676], [1.2260046005249023, 0.5517846345901489], [-0.05250810831785202, 0.30671072006225586], [-1.1543618440628052, -0.7291622161865234], [-1.1023907661437988, -0.10032708197832108], [0.6496785879135132, -0.48500916361808777], [-0.1085120216012001, -0.7212942838668823]], "lin1.bias": [-0.2519274652004242, -0.7216303944587708, 0.23841658234596252, -0.07943114638328552, 0.010453327558934689, 0.39869436621665955, -0.07241861522197723, -0.07362446188926697, -0.5383096933364868, 0.6010480523109436], "lin_end.weight": [[1.068281650543213, -0.24276207387447357, -0.4081360101699829, -0.06767632812261581, 1.2805631160736084, 0.19297608733177185, -1.3786898851394653, -0.9878445267677307, 0.07397014647722244, -0.44950205087661743]], "lin_end.bias": [-0.1972896307706833]}