{"lin1.weight": [[0.7641491889953613, 0.7979726195335388], [0.35315945744514465, -0.6110430955886841], [-0.8055502772331238, 0.4326569437980652], [-0.4232723116874695, 0.3724113702774048], [1.2306474447250366, 0.5522109866142273], [-0.051791440695524216, 0.3061845004558563], [-1.1600370407104492, -0.7305704951286316], [-1.1053357124328613, -0.09817679226398468], [0.6499131917953491, -0.4852592349052429], [-0.11055948585271835, -0.7184476256370544]], "lin1.bias": [-0.2512340247631073, -0.7217310667037964, 0.23881521821022034, -0.07931196689605713, 0.00926280114799738, 0.39841407537460327, -0.07121283560991287, -0.07219648361206055, -0.5383261442184448, 0.6013525128364563], "lin_end.weight": [[1.0651086568832397, -0.2431725710630417, -0.4174230098724365, -0.075049988925457, 1.2795016765594482, 0.18650199472904205, -1.386235237121582, -0.9955165386199951, 0.07437259703874588, -0.45181432366371155]], "lin_end.bias": [-0.2061081826686859]}