{"lin1.weight": [[0.684958279132843, 0.7772931456565857], [0.36756065487861633, -0.6044845581054688], [-0.7848222851753235, 0.42996054887771606], [-0.4202045500278473, 0.3718560039997101], [1.1698640584945679, 0.5136303305625916], [-0.06418545544147491, 0.30360859632492065], [-1.0908693075180054, -0.6818058490753174], [-1.0588194131851196, -0.08918945491313934], [0.6462313532829285, -0.4856688976287842], [-0.07723906636238098, -0.7311214208602905]], "lin1.bias": [-0.2677992284297943, -0.7180038094520569, 0.24236729741096497, -0.07933453470468521, 0.01661447435617447, 0.3988836407661438, -0.08172338455915451, -0.07647675275802612, -0.5392610430717468, 0.607262372970581], "lin_end.weight": [[1.0246052742004395, -0.24282357096672058, -0.35470548272132874, -0.033445265144109726, 1.2164422273635864, 0.20514652132987976, -1.292396068572998, -0.9182552695274353, 0.05286103114485741, -0.43788647651672363]], "lin_end.bias": [-0.176917165517807]}