{"lin1.weight": [[0.12213119864463806, 0.3804931044578552], [0.47348862886428833, -0.476190984249115], [-0.6562358736991882, 0.538635790348053], [-0.4806897044181824, 0.3183399438858032], [0.6611312627792358, 0.028982646763324738], [-0.22397935390472412, 0.15041740238666534], [-0.5860519409179688, -0.21368548274040222], [-0.6819989085197449, 0.2219443917274475], [0.6361455917358398, -0.4947115480899811], [0.14707240462303162, -0.651462972164154]], "lin1.bias": [-0.33516204357147217, -0.7018717527389526, 0.2740616798400879, -0.08606304973363876, 0.03778791055083275, 0.39858415722846985, -0.15453654527664185, -0.056882504373788834, -0.5417408347129822, 0.6508836150169373], "lin_end.weight": [[0.4312838912010193, -0.12291751056909561, -0.12394964694976807, 0.12948748469352722, 0.4495019316673279, 0.20536349713802338, -0.4079747796058655, -0.302318811416626, -0.008698339574038982, -0.10180896520614624]], "lin_end.bias": [-0.10598723590373993]}