{"lin1.weight": [[0.3375771939754486, -0.021821899339556694], [0.1534111648797989, 0.3618893623352051], [0.3814876973628998, -0.15828152000904083], [0.24858202040195465, -0.43105393648147583], [-0.03193456307053566, 0.1716688573360443], [-0.3266522288322449, -0.1470184475183487], [0.49470600485801697, -0.15781807899475098], [0.6552562713623047, -0.44563236832618713], [0.6958672404289246, 0.38481077551841736], [0.5942860245704651, 0.5574994683265686]], "lin1.bias": [0.44548794627189636, -0.48290732502937317, -0.03908223658800125, -0.008064236491918564, -0.6451268792152405, -0.22104494273662567, 0.6282612085342407, 0.6678211688995361, -0.5262381434440613, 0.4020298421382904], "lin_end.weight": [[0.246768981218338, 0.054630037397146225, 0.30068063735961914, 0.11378153413534164, 0.11585202068090439, -0.21219928562641144, 0.03756410628557205, -0.041624926030635834, -0.05172618478536606, -0.03569591045379639]], "lin_end.bias": [-0.22094197571277618]}