{"lin1.weight": [[0.7721357941627502, 0.801886796951294], [0.3515692353248596, -0.6121194958686829], [-0.8083587288856506, 0.4317857623100281], [-0.42383474111557007, 0.37226590514183044], [1.2368899583816528, 0.5573322772979736], [-0.050490204244852066, 0.3068302273750305], [-1.1669297218322754, -0.7365931272506714], [-1.1107434034347534, -0.10080692172050476], [0.650424063205719, -0.48501837253570557], [-0.11438126116991043, -0.718610405921936]], "lin1.bias": [-0.24838778376579285, -0.7224781513214111, 0.23748242855072021, -0.07949499785900116, 0.009920484386384487, 0.3987691104412079, -0.07143799960613251, -0.07341327518224716, -0.5380595922470093, 0.5997989177703857], "lin_end.weight": [[1.0762702226638794, -0.24095496535301208, -0.4180048108100891, -0.07391831278800964, 1.2928529977798462, 0.1912735104560852, -1.393041968345642, -0.9997910261154175, 0.07969675958156586, -0.4491654336452484]], "lin_end.bias": [-0.19914421439170837]}