{"lin1.weight": [[0.3685632646083832, 0.602708101272583], [0.42654508352279663, -0.5447905659675598], [-0.7114317417144775, 0.4761785566806793], [-0.433711439371109, 0.36217591166496277], [0.8991490006446838, 0.2831106185913086], [-0.13739809393882751, 0.24760672450065613], [-0.8093894124031067, -0.44533801078796387], [-0.8516377806663513, 0.051253706216812134], [0.6381621956825256, -0.491890013217926], [0.06270919740200043, -0.7042022347450256]], "lin1.bias": [-0.30280134081840515, -0.70906662940979, 0.258388876914978, -0.08025592565536499, 0.05021073296666145, 0.4019458293914795, -0.1414586901664734, -0.0798642635345459, -0.5411784052848816, 0.631395161151886], "lin_end.weight": [[0.7444254159927368, -0.1813027560710907, -0.1630508452653885, 0.08411755412817001, 0.8494716882705688, 0.23085404932498932, -0.8218589425086975, -0.559157133102417, 0.014088357798755169, -0.2735658586025238]], "lin_end.bias": [-0.08303513377904892]}