{"lin1.weight": [[0.48120206594467163, 0.6807931661605835], [0.40536150336265564, -0.5704954862594604], [-0.735383927822113, 0.45432141423225403], [-0.42370498180389404, 0.3695904314517975], [1.002087950706482, 0.37829625606536865], [-0.10682843625545502, 0.27581286430358887], [-0.91224205493927, -0.5368322134017944], [-0.9282302260398865, -0.013181548565626144], [0.640139102935791, -0.4897129237651825], [0.01445845328271389, -0.7247232794761658]], "lin1.bias": [-0.29022833704948425, -0.7119167447090149, 0.25228065252304077, -0.07945802807807922, 0.04510574787855148, 0.4015240967273712, -0.12554290890693665, -0.08429350703954697, -0.5406824350357056, 0.6220532059669495], "lin_end.weight": [[0.8667876124382019, -0.20608249306678772, -0.2137446254491806, 0.055157583206892014, 1.0049324035644531, 0.2354593724012375, -0.9984675049781799, -0.6872079372406006, 0.026654599234461784, -0.3403165638446808]], "lin_end.bias": [-0.09899917244911194]}