{"lin1.weight": [[0.12497410923242569, 0.38195762038230896], [0.47287288308143616, -0.4767604172229767], [-0.6569593548774719, 0.538101851940155], [-0.4798412024974823, 0.31882986426353455], [0.6638526916503906, 0.03063195012509823], [-0.2227170169353485, 0.15127180516719818], [-0.588535487651825, -0.21510960161685944], [-0.6838726997375488, 0.22081030905246735], [0.6360997557640076, -0.49475133419036865], [0.14639078080654144, -0.6516921520233154]], "lin1.bias": [-0.3349297344684601, -0.7019930481910706, 0.27387717366218567, -0.08598518371582031, 0.0379345566034317, 0.39865750074386597, -0.15447202324867249, -0.05708983913064003, -0.5417534708976746, 0.6507822275161743], "lin_end.weight": [[0.4335824251174927, -0.12225393950939178, -0.1256280541419983, 0.12762725353240967, 0.45403510332107544, 0.2046988159418106, -0.41247397661209106, -0.3058106303215027, -0.007086494471877813, -0.10258767008781433]], "lin_end.bias": [-0.10574166476726532]}