{"lin1.weight": [[0.3064001500606537, 0.5430472493171692], [0.43800032138824463, -0.5269706845283508], [-0.6981360912322998, 0.49184665083885193], [-0.44173747301101685, 0.3543631434440613], [0.8410618901252747, 0.21449469029903412], [-0.15614721179008484, 0.225081667304039], [-0.7537477016448975, -0.38102516531944275], [-0.8086252212524414, 0.09763015806674957], [0.6371378302574158, -0.4933375418186188], [0.08792303502559662, -0.6877678036689758]], "lin1.bias": [-0.3122793436050415, -0.7072280049324036, 0.2625235915184021, -0.0814242884516716, 0.048853907734155655, 0.4012208878993988, -0.14708754420280457, -0.07403368502855301, -0.5414822697639465, 0.6378809809684753], "lin_end.weight": [[0.656812310218811, -0.16322089731693268, -0.1560576856136322, 0.08609789609909058, 0.7463986277580261, 0.21457922458648682, -0.7212238907814026, -0.4967646896839142, 0.01039067842066288, -0.23253345489501953]], "lin_end.bias": [-0.09267376363277435]}