{"lin1.weight": [[0.40136146545410156, 0.6269347667694092], [0.42038798332214355, -0.5526975393295288], [-0.7182130217552185, 0.46957141160964966], [-0.43013229966163635, 0.36496514081954956], [0.9294248223304749, 0.3114788234233856], [-0.12800313532352448, 0.25669631361961365], [-0.8390009999275208, -0.4721548557281494], [-0.873992383480072, 0.031850919127464294], [0.6386417746543884, -0.49133485555648804], [0.04889377951622009, -0.7108936905860901]], "lin1.bias": [-0.3003866970539093, -0.7097074389457703, 0.2568086087703705, -0.08002229034900665, 0.047657523304224014, 0.4016421139240265, -0.13570497930049896, -0.08063966780900955, -0.5410730838775635, 0.6290116906166077], "lin_end.weight": [[0.7795944809913635, -0.19041170179843903, -0.1789705604314804, 0.07412592321634293, 0.8939281105995178, 0.2300601601600647, -0.8760390281677246, -0.5985615253448486, 0.015761511400341988, -0.2970108091831207]], "lin_end.bias": [-0.09115415066480637]}