{"lin1.weight": [[0.1459430307149887, 0.39934924244880676], [0.46856918931007385, -0.48247870802879333], [-0.662382960319519, 0.5323246121406555], [-0.47385910153388977, 0.3240661323070526], [0.6842346787452698, 0.049677349627017975], [-0.21370843052864075, 0.1604483425617218], [-0.6070215702056885, -0.2317069172859192], [-0.6981805562973022, 0.20773428678512573], [0.6359395980834961, -0.49494123458862305], [0.14105528593063354, -0.6549137234687805]], "lin1.bias": [-0.33264613151550293, -0.7027244567871094, 0.2724156081676483, -0.08528047055006027, 0.03953750059008598, 0.3992058336734772, -0.154155433177948, -0.05914172902703285, -0.5417966246604919, 0.6496802568435669], "lin_end.weight": [[0.45765647292137146, -0.12380485236644745, -0.12883615493774414, 0.12017269432544708, 0.48913732171058655, 0.2038574069738388, -0.4478628635406494, -0.32752230763435364, -0.002043620217591524, -0.11603400111198425]], "lin_end.bias": [-0.10191699862480164]}