{"lin1.weight": [[0.06769726425409317, 0.32994240522384644], [0.4855978190898895, -0.4583772122859955], [-0.6405140161514282, 0.5568817853927612], [-0.5000056028366089, 0.29963037371635437], [0.6099981665611267, -0.02446279674768448], [-0.2500603497028351, 0.12071003764867783], [-0.540172815322876, -0.16718469560146332], [-0.6451481580734253, 0.25915008783340454], [0.6376795172691345, -0.4926326870918274], [0.1587029993534088, -0.643719494342804]], "lin1.bias": [-0.3416425287723541, -0.6996718049049377, 0.2785415053367615, -0.08865000307559967, 0.032487887889146805, 0.3965863883495331, -0.15412572026252747, -0.05074385926127434, -0.5412991046905518, 0.6536203622817993], "lin_end.weight": [[0.3642970323562622, -0.1158009022474289, -0.12843136489391327, 0.14778614044189453, 0.3548024594783783, 0.20785345137119293, -0.31285861134529114, -0.25211307406425476, -0.018005430698394775, -0.06053655222058296]], "lin_end.bias": [-0.12196817249059677]}