{"lin1.weight": [[0.4584910571575165, 0.6671056151390076], [0.40963515639305115, -0.5659609436988831], [-0.7304544448852539, 0.45829692482948303], [-0.4252818524837494, 0.3685721755027771], [0.9814528822898865, 0.3610018789768219], [-0.11270550638437271, 0.2710534930229187], [-0.8912826180458069, -0.5200889706611633], [-0.9128848314285278, -0.0014994513476267457], [0.6396349668502808, -0.4902088940143585], [0.02420039474964142, -0.7213001847267151]], "lin1.bias": [-0.292998731136322, -0.7112932205200195, 0.25349920988082886, -0.0795789435505867, 0.04607081785798073, 0.40156567096710205, -0.1285496950149536, -0.08350815623998642, -0.5408061742782593, 0.6238918304443359], "lin_end.weight": [[0.8432723879814148, -0.20279884338378906, -0.20287060737609863, 0.06107823923230171, 0.9743189811706543, 0.23432588577270508, -0.9649068713188171, -0.6622054576873779, 0.02252110093832016, -0.3293099105358124]], "lin_end.bias": [-0.09672398865222931]}