{"lin1.weight": [[0.012883862480521202, 0.2807985842227936], [0.5001158714294434, -0.43870478868484497], [-0.6205830574035645, 0.5788447856903076], [-0.5270594954490662, 0.27423009276390076], [0.5625209808349609, -0.07153180241584778], [-0.28264477849006653, 0.08567158877849579], [-0.4991995692253113, -0.12779711186885834], [-0.608562707901001, 0.2945632040500641], [0.6413280963897705, -0.4879981577396393], [0.16518349945545197, -0.6393970251083374]], "lin1.bias": [-0.34739232063293457, -0.6969980001449585, 0.2836655080318451, -0.09204377979040146, 0.02759682387113571, 0.3935311734676361, -0.1532880961894989, -0.04501485452055931, -0.5403118133544922, 0.6550835967063904], "lin_end.weight": [[0.3010939955711365, -0.11885291337966919, -0.13767364621162415, 0.17697395384311676, 0.2542978525161743, 0.2191474884748459, -0.21546921133995056, -0.20417384803295135, -0.037307336926460266, -0.019169120118021965]], "lin_end.bias": [-0.14584489166736603]}