{"lin1.weight": [[0.6393752694129944, 0.7594410181045532], [0.375821977853775, -0.5983213186264038], [-0.7733940482139587, 0.43244707584381104], [-0.41948390007019043, 0.3719094693660736], [1.134700059890747, 0.4849294424057007], [-0.07220040261745453, 0.29973331093788147], [-1.0518358945846558, -0.6483930349349976], [-1.0313018560409546, -0.07705231755971909], [0.6445391774177551, -0.48644280433654785], [-0.05703267455101013, -0.7346534132957458]], "lin1.bias": [-0.27230995893478394, -0.7169373631477356, 0.24355246126651764, -0.07936859130859375, 0.02603762038052082, 0.40014466643333435, -0.09405950456857681, -0.08156193792819977, -0.5395419597625732, 0.6095603704452515], "lin_end.weight": [[1.0023386478424072, -0.23173758387565613, -0.3123043179512024, -0.004040081053972244, 1.183506727218628, 0.22345304489135742, -1.2243552207946777, -0.8628357648849487, 0.051118072122335434, -0.41255271434783936]], "lin_end.bias": [-0.14294232428073883]}