{"lin1.weight": [[0.09201990067958832, 0.3523891270160675], [0.48011016845703125, -0.4665117561817169], [-0.6479235887527466, 0.5482714176177979], [-0.4906792938709259, 0.30861732363700867], [0.6325651407241821, -0.001038801739923656], [-0.23786869645118713, 0.13455656170845032], [-0.5602785348892212, -0.18737861514091492], [-0.6616040468215942, 0.242625892162323], [0.6368809938430786, -0.49371764063835144], [0.15404264628887177, -0.6467763781547546]], "lin1.bias": [-0.3390026390552521, -0.7006663084030151, 0.2764391005039215, -0.08743882924318314, 0.034789279103279114, 0.39748212695121765, -0.1542842537164688, -0.05346512421965599, -0.5415282845497131, 0.6525492072105408], "lin_end.weight": [[0.39295539259910583, -0.11919892579317093, -0.12681639194488525, 0.13761231303215027, 0.3964778780937195, 0.20466569066047668, -0.3566111922264099, -0.2752813994884491, -0.014246285893023014, -0.08029039204120636]], "lin_end.bias": [-0.11624511331319809]}