{"lin1.weight": [[0.6415180563926697, 0.7587499022483826], [0.37552574276924133, -0.5983080863952637], [-0.7737524509429932, 0.4328100085258484], [-0.4194902181625366, 0.3719153106212616], [1.1364790201187134, 0.48475074768066406], [-0.07186131179332733, 0.29956552386283875], [-1.0538833141326904, -0.6483851671218872], [-1.032470703125, -0.07639387995004654], [0.6445968747138977, -0.4864773452281952], [-0.05785162374377251, -0.7337732315063477]], "lin1.bias": [-0.2733486592769623, -0.7167643904685974, 0.24388615787029266, -0.0793623998761177, 0.024362048134207726, 0.39979907870292664, -0.09224092215299606, -0.08032955229282379, -0.5395851731300354, 0.6100747585296631], "lin_end.weight": [[0.9994296431541443, -0.23341171443462372, -0.3180086612701416, -0.008758444339036942, 1.1811877489089966, 0.21861711144447327, -1.2292135953903198, -0.8678949475288391, 0.0495876707136631, -0.4162198305130005]], "lin_end.bias": [-0.15036380290985107]}