{"lin1.weight": [[0.7181645631790161, 0.784315288066864], [0.36134737730026245, -0.6070613265037537], [-0.7934587597846985, 0.4307956397533417], [-0.42120161652565, 0.3719814717769623], [1.1959037780761719, 0.5276409387588501], [-0.058645084500312805, 0.3046145737171173], [-1.1201634407043457, -0.6994673609733582], [-1.078635573387146, -0.09248655289411545], [0.6476970314979553, -0.4855324327945709], [-0.09114369750022888, -0.7261845469474792]], "lin1.bias": [-0.2602859437465668, -0.719707727432251, 0.24070626497268677, -0.0793655514717102, 0.014591262675821781, 0.398882120847702, -0.07862047106027603, -0.07534369081258774, -0.5388723015785217, 0.6045908331871033], "lin_end.weight": [[1.0430843830108643, -0.24071922898292542, -0.3790280222892761, -0.0489778034389019, 1.245396375656128, 0.19988374412059784, -1.3292721509933472, -0.9490888714790344, 0.06429041922092438, -0.4408091604709625]], "lin_end.bias": [-0.18454542756080627]}