{"lin1.weight": [[0.1332118660211563, 0.38806790113449097], [0.4710830748081207, -0.47878411412239075], [-0.6591387987136841, 0.5360434055328369], [-0.4774194657802582, 0.32075321674346924], [0.6718894243240356, 0.03739031404256821], [-0.2190600037574768, 0.1545604020357132], [-0.595843493938446, -0.22100938856601715], [-0.6894692778587341, 0.21616287529468536], [0.6360150575637817, -0.4948384761810303], [0.14441043138504028, -0.6527912616729736]], "lin1.bias": [-0.33404022455215454, -0.7022795677185059, 0.27336880564689636, -0.08574315905570984, 0.03853210434317589, 0.398884654045105, -0.15442106127738953, -0.057773709297180176, -0.5417743921279907, 0.6504049301147461], "lin_end.weight": [[0.44240930676460266, -0.12168142944574356, -0.12788866460323334, 0.12410252541303635, 0.46796542406082153, 0.2040477842092514, -0.42610111832618713, -0.3146609365940094, -0.003829765599220991, -0.10689835250377655]], "lin_end.bias": [-0.1040434017777443]}