{"lin1.weight": [[0.743446409702301, 0.7956286668777466], [0.356720507144928, -0.6103551387786865], [-0.8008043766021729, 0.4293713867664337], [-0.42233937978744507, 0.3718325197696686], [1.215079426765442, 0.5442739725112915], [-0.05453213304281235, 0.30653056502342224], [-1.1415621042251587, -0.7192718982696533], [-1.0943125486373901, -0.09940873831510544], [0.6490078568458557, -0.48496726155281067], [-0.10260768234729767, -0.7246136665344238]], "lin1.bias": [-0.255632221698761, -0.7209154963493347, 0.2389584630727768, -0.07944067567586899, 0.011368111707270145, 0.39883360266685486, -0.073761947453022, -0.07441829144954681, -0.5384799838066101, 0.6021129488945007], "lin_end.weight": [[1.0627731084823608, -0.24259383976459503, -0.39561474323272705, -0.058959197252988815, 1.2709543704986572, 0.19778649508953094, -1.3615697622299194, -0.9738141298294067, 0.0704137459397316, -0.44722387194633484]], "lin_end.bias": [-0.19022823870182037]}