{"lin1.weight": [[0.7659650444984436, 0.7980220913887024], [0.3528633415699005, -0.61105877161026], [-0.8059230446815491, 0.43313121795654297], [-0.4233552813529968, 0.3725008964538574], [1.231945276260376, 0.5528021454811096], [-0.05157972872257233, 0.3061017394065857], [-1.1616178750991821, -0.7315446734428406], [-1.1062146425247192, -0.0977996438741684], [0.6499887108802795, -0.48530909419059753], [-0.11122799664735794, -0.7176905870437622]], "lin1.bias": [-0.2510717213153839, -0.7217530608177185, 0.23893198370933533, -0.07927275449037552, 0.008749387226998806, 0.39832183718681335, -0.07066019624471664, -0.0716988816857338, -0.5383305549621582, 0.6014173626899719], "lin_end.weight": [[1.0643751621246338, -0.24359861016273499, -0.42021307349205017, -0.07725546509027481, 1.2792564630508423, 0.18454279005527496, -1.3888578414916992, -0.9979646801948547, 0.07424746453762054, -0.4528611898422241]], "lin_end.bias": [-0.20897288620471954]}