{"lin1.weight": [[0.20217224955558777, 0.4549533426761627], [0.4575467109680176, -0.4993959665298462], [-0.6759405136108398, 0.5159706473350525], [-0.46013373136520386, 0.3379867970943451], [0.7395088076591492, 0.11172027140855789], [-0.1915081888437271, 0.18708296120166779], [-0.6575302481651306, -0.28692635893821716], [-0.7370630502700806, 0.16611747443675995], [0.6360899806022644, -0.49470895528793335], [0.12464165687561035, -0.6667089462280273]], "lin1.bias": [-0.3247663676738739, -0.7044669389724731, 0.2685609757900238, -0.08342099189758301, 0.044617049396038055, 0.4005395472049713, -0.15349294245243073, -0.0653822273015976, -0.5417569875717163, 0.6456233859062195], "lin_end.weight": [[0.5339487791061401, -0.13709577918052673, -0.12708547711372375, 0.1122697964310646, 0.58609539270401, 0.21127288043498993, -0.5439260601997375, -0.38073211908340454, 0.0026670151855796576, -0.1586637943983078]], "lin_end.bias": [-0.08843827247619629]}