{"lin1.weight": [[0.7799076437950134, 0.8034191131591797], [0.35010799765586853, -0.612487256526947], [-0.8105564117431641, 0.4326459467411041], [-0.424281507730484, 0.37242642045021057], [1.242720365524292, 0.560496985912323], [-0.04938080161809921, 0.3068537414073944], [-1.1736423969268799, -0.7410076260566711], [-1.1151903867721558, -0.10080736130475998], [0.6508789658546448, -0.4850664436817169], [-0.11752626299858093, -0.716958224773407]], "lin1.bias": [-0.24549447000026703, -0.7230949997901917, 0.23679979145526886, -0.07956825941801071, 0.010387860238552094, 0.3989415764808655, -0.07187767326831818, -0.07372064143419266, -0.5378702878952026, 0.5988057255744934], "lin_end.weight": [[1.081650972366333, -0.23890601098537445, -0.422094464302063, -0.07613880932331085, 1.3007175922393799, 0.1918637901544571, -1.3994492292404175, -1.0048753023147583, 0.08404379338026047, -0.4469970464706421]], "lin_end.bias": [-0.1974859982728958]}