{"lin1.weight": [[0.5092728137969971, 0.7054570913314819], [0.4002498388290405, -0.5782490372657776], [-0.7418721914291382, 0.4474274814128876], [-0.4220423400402069, 0.3710179328918457], [1.025729775428772, 0.4079384207725525], [-0.09997598826885223, 0.28371545672416687], [-0.9361051917076111, -0.5663440227508545], [-0.9471372961997986, -0.03291110321879387], [0.6407519578933716, -0.48888900876045227], [0.0011536517413333058, -0.7312260270118713]], "lin1.bias": [-0.287887305021286, -0.7124795913696289, 0.25057294964790344, -0.07933275401592255, 0.04104834422469139, 0.40113723278045654, -0.1183641329407692, -0.08445962518453598, -0.5405300855636597, 0.6192309856414795], "lin_end.weight": [[0.9002585411071777, -0.21787527203559875, -0.225952610373497, 0.04877347871661186, 1.0427420139312744, 0.23664608597755432, -1.0464059114456177, -0.7205159068107605, 0.024691209197044373, -0.36284390091896057]], "lin_end.bias": [-0.10707218945026398]}