{"lin1.weight": [[0.5188262462615967, 0.7100092768669128], [0.3984625041484833, -0.5799293518066406], [-0.7439645528793335, 0.4461716115474701], [-0.42156511545181274, 0.37123221158981323], [1.0338300466537476, 0.41412660479545593], [-0.09773828834295273, 0.28524574637413025], [-0.9444864392280579, -0.5727030634880066], [-0.9532591104507446, -0.036623094230890274], [0.6409602761268616, -0.4887169301509857], [-0.003059657756239176, -0.7318381071090698]], "lin1.bias": [-0.2871134579181671, -0.7127251029014587, 0.25016024708747864, -0.07932531833648682, 0.03963509202003479, 0.4009885787963867, -0.11623770743608475, -0.08410269021987915, -0.5404854416847229, 0.6186226606369019], "lin_end.weight": [[0.9076577425003052, -0.21969817578792572, -0.23264579474925995, 0.044510167092084885, 1.0528939962387085, 0.2350957989692688, -1.0605305433273315, -0.7317636609077454, 0.02581588737666607, -0.36786574125289917]], "lin_end.bias": [-0.11093436181545258]}