{"lin1.weight": [[0.07200344651937485, 0.3329567015171051], [0.4845893979072571, -0.45954954624176025], [-0.6418512463569641, 0.555618405342102], [-0.4982682466506958, 0.3009561002254486], [0.6139714121818542, -0.021282900124788284], [-0.2477954924106598, 0.12268953025341034], [-0.543716311454773, -0.16987833380699158], [-0.648021399974823, 0.2568623721599579], [0.6375203132629395, -0.4928080141544342], [0.15797950327396393, -0.6440768837928772]], "lin1.bias": [-0.3412321209907532, -0.6998718976974487, 0.27818048000335693, -0.08844864368438721, 0.03288077935576439, 0.39676573872566223, -0.15418951213359833, -0.05117621272802353, -0.5413450598716736, 0.6534812450408936], "lin_end.weight": [[0.368450403213501, -0.11507905274629593, -0.12951955199241638, 0.14506122469902039, 0.3623415529727936, 0.2068287581205368, -0.3202521800994873, -0.2568497657775879, -0.015917867422103882, -0.06257086992263794]], "lin_end.bias": [-0.12085918337106705]}