{"lin1.weight": [[0.505933940410614, 0.7015364170074463], [0.4009360074996948, -0.5771239995956421], [-0.7409853339195251, 0.44851234555244446], [-0.42224186658859253, 0.37079936265945435], [1.0230233669281006, 0.4035744071006775], [-0.10084021836519241, 0.28251585364341736], [-0.9334716796875, -0.5619922876358032], [-0.9447953104972839, -0.029864583164453506], [0.6406677961349487, -0.48900946974754333], [0.0028282550629228354, -0.7299463152885437]], "lin1.bias": [-0.28897228837013245, -0.7122558355331421, 0.25098100304603577, -0.07939701527357101, 0.04080395773053169, 0.4009528160095215, -0.11848525702953339, -0.08386722952127457, -0.5405685901641846, 0.6199670433998108], "lin_end.weight": [[0.8933693766593933, -0.21747185289859772, -0.2273138165473938, 0.04699420928955078, 1.035387635231018, 0.23348098993301392, -1.0421509742736816, -0.7184907793998718, 0.023595785722136497, -0.3621298372745514]], "lin_end.bias": [-0.1106100082397461]}