{"lin1.weight": [[0.2743525505065918, 0.5131670236587524], [0.44389626383781433, -0.5178748369216919], [-0.6911500692367554, 0.5000078082084656], [-0.44646796584129333, 0.34981030225753784], [0.8102667331695557, 0.17940379679203033], [-0.1662442982196808, 0.2131437361240387], [-0.7241573333740234, -0.3482552766799927], [-0.786313533782959, 0.12112780660390854], [0.6366896629333496, -0.49397045373916626], [0.10012242943048477, -0.6801796555519104]], "lin1.bias": [-0.31613728404045105, -0.7065070271492004, 0.26443400979042053, -0.08192656189203262, 0.0482545867562294, 0.40120673179626465, -0.15001757442951202, -0.07149793207645416, -0.5415990948677063, 0.6405849456787109], "lin_end.weight": [[0.6167130470275879, -0.15162187814712524, -0.1479920595884323, 0.09245806932449341, 0.6975319385528564, 0.21261551976203918, -0.6647312045097351, -0.46064865589141846, 0.0114047946408391, -0.2062472105026245]], "lin_end.bias": [-0.0892169177532196]}