{"lin1.weight": [[0.0005322530632838607, 0.270780086517334], [0.5038957595825195, -0.43402060866355896], [-0.6153439283370972, 0.5842034220695496], [-0.5346588492393494, 0.2677152752876282], [0.5528755187988281, -0.08018875122070312], [-0.29120486974716187, 0.07734595984220505], [-0.4911062717437744, -0.12080579251050949], [-0.6004837155342102, 0.3017163872718811], [0.6426876187324524, -0.4864135682582855], [0.16577307879924774, -0.6390425562858582]], "lin1.bias": [-0.34851720929145813, -0.6962366104125977, 0.28499987721443176, -0.09296750277280807, 0.02662528119981289, 0.39263615012168884, -0.15310950577259064, -0.04377308487892151, -0.5399357676506042, 0.6552079319953918], "lin_end.weight": [[0.28850844502449036, -0.12219802290201187, -0.13918252289295197, 0.18656599521636963, 0.23059667646884918, 0.22381529211997986, -0.19334016740322113, -0.19289347529411316, -0.04438825324177742, -0.011221183463931084]], "lin_end.bias": [-0.15225541591644287]}