{"lin1.weight": [[0.04342080280184746, 0.30701014399528503], [0.4915546476840973, -0.44977906346321106], [-0.6322579979896545, 0.5664152503013611], [-0.5108192563056946, 0.2890053391456604], [0.5882509350776672, -0.04716283828020096], [-0.26351672410964966, 0.10537435859441757], [-0.5213122963905334, -0.14802315831184387], [-0.6288260817527771, 0.2756688892841339], [0.6388488411903381, -0.4910600185394287], [0.16227178275585175, -0.6412558555603027]], "lin1.bias": [-0.3442935049533844, -0.6986035704612732, 0.28073981404304504, -0.09004519134759903, 0.030277429148554802, 0.39541733264923096, -0.15387605130672455, -0.048125892877578735, -0.5409800410270691, 0.654449462890625], "lin_end.weight": [[0.33496662974357605, -0.11428261548280716, -0.13320325314998627, 0.15835730731487274, 0.31145814061164856, 0.21133385598659515, -0.269661009311676, -0.2311600148677826, -0.02358103357255459, -0.04049178957939148]], "lin_end.bias": [-0.13115887343883514]}