{"lin1.weight": [[0.6279858946800232, 0.7542059421539307], [0.3781414031982422, -0.5966178774833679], [-0.7700260877609253, 0.4341816008090973], [-0.41941431164741516, 0.37193968892097473], [1.125123381614685, 0.4785153269767761], [-0.07462216913700104, 0.2983405888080597], [-1.041759729385376, -0.641656756401062], [-1.0234503746032715, -0.07279351353645325], [0.6440582871437073, -0.48674362897872925], [-0.051702823489904404, -0.7335054278373718]], "lin1.bias": [-0.276170939207077, -0.7159173488616943, 0.24513457715511322, -0.07934537529945374, 0.02463180013000965, 0.39946988224983215, -0.09333351254463196, -0.07959946244955063, -0.5397847294807434, 0.61164391040802], "lin_end.weight": [[0.9854583740234375, -0.23560453951358795, -0.3129754960536957, -0.006939801387488842, 1.1626496315002441, 0.21518868207931519, -1.2153844833374023, -0.8570607900619507, 0.0428655743598938, -0.41680628061294556]], "lin_end.bias": [-0.15510258078575134]}