{"lin1.weight": [[0.23949171602725983, 0.48689770698547363], [0.4505016803741455, -0.5093180537223816], [-0.6837825179100037, 0.5073532462120056], [-0.45246145129203796, 0.344929575920105], [0.7759313583374023, 0.14776886999607086], [-0.17801052331924438, 0.20158244669437408], [-0.691238522529602, -0.3191053867340088], [-0.762328028678894, 0.14211398363113403], [0.6363318562507629, -0.49439504742622375], [0.1123216450214386, -0.6741565465927124]], "lin1.bias": [-0.32029253244400024, -0.7055711150169373, 0.26636195182800293, -0.08249171078205109, 0.046561386436223984, 0.4010828137397766, -0.15167869627475739, -0.06875227391719818, -0.5416909456253052, 0.6429869532585144], "lin_end.weight": [[0.5792554616928101, -0.14442254602909088, -0.13429690897464752, 0.10404808074235916, 0.6458234786987305, 0.2139497846364975, -0.6054885387420654, -0.4199140965938568, 0.007359300274401903, -0.1833476722240448]], "lin_end.bias": [-0.08520513772964478]}