{"lin1.weight": [[0.0456794798374176, 0.30935677886009216], [0.49096187949180603, -0.4506368935108185], [-0.6330838203430176, 0.5654128789901733], [-0.5097367763519287, 0.2901709973812103], [0.5902599096298218, -0.044883280992507935], [-0.2621889114379883, 0.1069750115275383], [-0.5230499505996704, -0.14994169771671295], [-0.630358874797821, 0.27397191524505615], [0.6387194991111755, -0.4912380576133728], [0.16199886798858643, -0.6414799690246582]], "lin1.bias": [-0.34400632977485657, -0.6986980438232422, 0.28054729104042053, -0.08990287780761719, 0.03051907569169998, 0.39555394649505615, -0.15394960343837738, -0.04837438836693764, -0.5410114526748657, 0.6543793678283691], "lin_end.weight": [[0.33805665373802185, -0.11433637887239456, -0.13216863572597504, 0.15765798091888428, 0.3157837986946106, 0.21123915910720825, -0.27364978194236755, -0.23271147906780243, -0.022989580407738686, -0.04251886159181595]], "lin_end.bias": [-0.12978065013885498]}