{"lin1.weight": [[0.2987504005432129, 0.5350041389465332], [0.43933722376823425, -0.5245477557182312], [-0.6964871287345886, 0.4940262734889984], [-0.44282424449920654, 0.3532012104988098], [0.8338152766227722, 0.20521409809589386], [-0.15848425030708313, 0.22195135056972504], [-0.7468088865280151, -0.3723750412464142], [-0.8032747507095337, 0.10388590395450592], [0.637031614780426, -0.49351081252098083], [0.09098870307207108, -0.6856498122215271]], "lin1.bias": [-0.31293460726737976, -0.7071126699447632, 0.26298293471336365, -0.08152947574853897, 0.04904032126069069, 0.4013015329837799, -0.1482282429933548, -0.07349935173988342, -0.5415095090866089, 0.6385364532470703], "lin_end.weight": [[0.6470102071762085, -0.1590602844953537, -0.15410034358501434, 0.08773915469646454, 0.7352415323257446, 0.21455904841423035, -0.7066650390625, -0.48757192492485046, 0.012070901691913605, -0.22446772456169128]], "lin_end.bias": [-0.09038718789815903]}