{"lin1.weight": [[0.6841889023780823, 0.7780782580375671], [0.3676013648509979, -0.6046270132064819], [-0.7849215269088745, 0.4292643368244171], [-0.42020657658576965, 0.3717973828315735], [1.1694848537445068, 0.51373690366745], [-0.06418667733669281, 0.303864061832428], [-1.0902411937713623, -0.6815394163131714], [-1.0587852001190186, -0.09014450758695602], [0.6462414860725403, -0.4855864346027374], [-0.07711543887853622, -0.7322825789451599]], "lin1.bias": [-0.26664620637893677, -0.7183107137680054, 0.2417307049036026, -0.07939400523900986, 0.01836196333169937, 0.3993067443370819, -0.08348606526851654, -0.07805416733026505, -0.5391726493835449, 0.606539249420166], "lin_end.weight": [[1.0297225713729858, -0.24030716717243195, -0.34886863827705383, -0.028296684846282005, 1.2216179370880127, 0.21118643879890442, -1.2883050441741943, -0.913929283618927, 0.05576073378324509, -0.43343985080718994]], "lin_end.bias": [-0.16753752529621124]}