{"lin1.weight": [[0.6677016019821167, 0.7729232907295227], [0.37077778577804565, -0.6028890013694763], [-0.7805284857749939, 0.42996856570243835], [-0.41983965039253235, 0.37183600664138794], [1.156262755393982, 0.5053092837333679], [-0.0671381950378418, 0.3028217852115631], [-1.0755856037139893, -0.6717407703399658], [-1.0485304594039917, -0.08650895208120346], [0.6455756425857544, -0.48579901456832886], [-0.06995456665754318, -0.7333276271820068]], "lin1.bias": [-0.27150294184684753, -0.717208981513977, 0.24315975606441498, -0.07933276146650314, 0.01771615631878376, 0.3989540934562683, -0.08352997153997421, -0.0770532488822937, -0.5394278764724731, 0.608588695526123], "lin_end.weight": [[1.0150601863861084, -0.24289274215698242, -0.3418174386024475, -0.02507973089814186, 1.2015553712844849, 0.20840996503829956, -1.2719656229019165, -0.901418924331665, 0.04798140004277229, -0.4349205195903778]], "lin_end.bias": [-0.17159846425056458]}