{"lin1.weight": [[0.7595455646514893, 0.798768937587738], [0.3539555072784424, -0.6112017631530762], [-0.8045394420623779, 0.43144601583480835], [-0.4230615496635437, 0.3721892535686493], [1.2269976139068604, 0.551954984664917], [-0.05238988250494003, 0.3065124750137329], [-1.1556661128997803, -0.7296958565711975], [-1.102892279624939, -0.09954243153333664], [0.6497090458869934, -0.48510274291038513], [-0.10892283916473389, -0.720262885093689]], "lin1.bias": [-0.25223442912101746, -0.7215311527252197, 0.23877842724323273, -0.07935366034507751, 0.009551092982292175, 0.3984890282154083, -0.07147976011037827, -0.07272782176733017, -0.538358211517334, 0.6013984680175781], "lin_end.weight": [[1.0655834674835205, -0.24385982751846313, -0.41213348507881165, -0.07108883559703827, 1.2782161235809326, 0.18934522569179535, -1.3816791772842407, -0.9909054040908813, 0.07283526659011841, -0.4516696631908417]], "lin_end.bias": [-0.2026844024658203]}