{"lin1.weight": [[0.2582544684410095, 0.502938449382782], [0.4469981789588928, -0.5143638253211975], [-0.6877226829528809, 0.5029894709587097], [-0.4490981101989746, 0.34796828031539917], [0.7943372130393982, 0.16674870252609253], [-0.17161698639392853, 0.20857127010822296], [-0.7087612152099609, -0.3365015983581543], [-0.7752057313919067, 0.12955281138420105], [0.6365044713020325, -0.4941640794277191], [0.10576330125331879, -0.6779314279556274]], "lin1.bias": [-0.3177543878555298, -0.7061057090759277, 0.2652275860309601, -0.08209773153066635, 0.047832947224378586, 0.40125009417533875, -0.15099602937698364, -0.07057684659957886, -0.5416427254676819, 0.6415159106254578], "lin_end.weight": [[0.601844847202301, -0.1491432785987854, -0.1387489140033722, 0.09982390701770782, 0.6752399206161499, 0.21506592631340027, -0.6373765468597412, -0.4403723478317261, 0.008723512291908264, -0.19627508521080017]], "lin_end.bias": [-0.08517953008413315]}