{"lin1.weight": [[0.7626450657844543, 0.7988142371177673], [0.35336121916770935, -0.6112545132637024], [-0.8054373264312744, 0.4317520260810852], [-0.42323675751686096, 0.37225016951560974], [1.2295608520507812, 0.5524557828903198], [-0.05191647261381149, 0.3064640462398529], [-1.1586039066314697, -0.7304528951644897], [-1.1048201322555542, -0.0993209183216095], [0.6498786807060242, -0.48512858152389526], [-0.1101846843957901, -0.719663679599762]], "lin1.bias": [-0.251083642244339, -0.7218109369277954, 0.23843061923980713, -0.0793948546051979, 0.009991946630179882, 0.39860403537750244, -0.07190559804439545, -0.07306965440511703, -0.5382775068283081, 0.6009954214096069], "lin_end.weight": [[1.0680639743804932, -0.24241554737091064, -0.4133108854293823, -0.07155410200357437, 1.2819428443908691, 0.19016610085964203, -1.383565902709961, -0.9925700426101685, 0.07519197463989258, -0.45006775856018066]], "lin_end.bias": [-0.2008882761001587]}