{"lin1.weight": [[0.26557600498199463, 0.5076737403869629], [0.4456794857978821, -0.5160572528839111], [-0.6892172694206238, 0.5015942454338074], [-0.44788050651550293, 0.34883779287338257], [0.8015125393867493, 0.1725926250219345], [-0.16921891272068024, 0.21073439717292786], [-0.7156970500946045, -0.34188443422317505], [-0.780203640460968, 0.125691756606102], [0.6365734338760376, -0.49407973885536194], [0.10313675552606583, -0.6789106726646423]], "lin1.bias": [-0.31753310561180115, -0.7062146663665771, 0.26490357518196106, -0.08206735551357269, 0.04754705727100372, 0.40107205510139465, -0.15000583231449127, -0.07079105824232101, -0.5416281223297119, 0.6412053108215332], "lin_end.weight": [[0.6072314977645874, -0.15176545083522797, -0.14450499415397644, 0.0949368104338646, 0.6835916042327881, 0.21200720965862274, -0.6513273119926453, -0.4511052668094635, 0.008269826881587505, -0.20296625792980194]], "lin_end.bias": [-0.09035994857549667]}