{"lin1.weight": [[0.5930062532424927, 0.7393786907196045], [0.38469359278678894, -0.5913410782814026], [-0.7611342072486877, 0.4378383159637451], [-0.419484943151474, 0.37193670868873596], [1.0968352556228638, 0.4568932354450226], [-0.08153875917196274, 0.2944607138633728], [-1.0112478733062744, -0.6177770495414734], [-1.0011818408966064, -0.06132054328918457], [0.642895519733429, -0.4874425232410431], [-0.0358915701508522, -0.7334725856781006]], "lin1.bias": [-0.2814605236053467, -0.7145153880119324, 0.24721013009548187, -0.0793478935956955, 0.02849523536860943, 0.39959970116615295, -0.09959207475185394, -0.08035880327224731, -0.54010409116745, 0.6146447062492371], "lin_end.weight": [[0.9576045274734497, -0.23232948780059814, -0.2907576858997345, 0.00635211355984211, 1.1250091791152954, 0.2176716923713684, -1.1690983772277832, -0.8206884860992432, 0.035189300775527954, -0.40550822019577026]], "lin_end.bias": [-0.14716705679893494]}