{"lin1.weight": [[0.7496210336685181, 0.7979038953781128], [0.35561564564704895, -0.6109636425971985], [-0.8024219870567322, 0.4295443594455719], [-0.4226357042789459, 0.3718668818473816], [1.2196584939956665, 0.5481826663017273], [-0.0536448135972023, 0.3067918121814728], [-1.146863341331482, -0.7241569757461548], [-1.097843885421753, -0.10051970183849335], [0.6492958664894104, -0.48491495847702026], [-0.10522530227899551, -0.7236372828483582]], "lin1.bias": [-0.2541961967945099, -0.7212072610855103, 0.23865917325019836, -0.07944699376821518, 0.010830473154783249, 0.39877817034721375, -0.07294400036334991, -0.0741296038031578, -0.5384051203727722, 0.6015846729278564], "lin_end.weight": [[1.0660802125930786, -0.2430388331413269, -0.40043649077415466, -0.06218993663787842, 1.2757869958877563, 0.19625496864318848, -1.3692972660064697, -0.9798511266708374, 0.07168739289045334, -0.4486643075942993]], "lin_end.bias": [-0.19284608960151672]}