{"lin1.weight": [[0.6266574859619141, 0.7530403733253479], [0.37833964824676514, -0.5962933301925659], [-0.7698042392730713, 0.43429797887802124], [-0.41940924525260925, 0.3719416558742523], [1.1242702007293701, 0.4765709936618805], [-0.07480479031801224, 0.29810506105422974], [-1.0407377481460571, -0.639413058757782], [-1.0228344202041626, -0.07194754481315613], [0.644027054309845, -0.486778199672699], [-0.05115949735045433, -0.733669102191925]], "lin1.bias": [-0.27632224559783936, -0.7159584760665894, 0.24507448077201843, -0.07934775948524475, 0.025018448010087013, 0.3996017277240753, -0.0938398614525795, -0.0798925906419754, -0.5397782921791077, 0.6116700768470764], "lin_end.weight": [[0.9854800701141357, -0.23420456051826477, -0.3110424280166626, -0.005382172763347626, 1.1626616716384888, 0.21674078702926636, -1.2122385501861572, -0.8547458648681641, 0.043965328484773636, -0.4147414565086365]], "lin_end.bias": [-0.15213990211486816]}