{"lin1.weight": [[0.11361003667116165, 0.37360304594039917], [0.4753960072994232, -0.47384876012802124], [-0.6539796590805054, 0.5409241914749146], [-0.48336464166641235, 0.3160454332828522], [0.6529586315155029, 0.02157248929142952], [-0.22785256803035736, 0.14663724601268768], [-0.5786587595939636, -0.20722350478172302], [-0.6762654781341553, 0.22705206274986267], [0.6363283395767212, -0.49449801445007324], [0.149111807346344, -0.6502220630645752]], "lin1.bias": [-0.3362899422645569, -0.7015133500099182, 0.2746637463569641, -0.08641432970762253, 0.036955490708351135, 0.3982347249984741, -0.1544172465801239, -0.05599666386842728, -0.5416901707649231, 0.6513363718986511], "lin_end.weight": [[0.4208681881427765, -0.12365332245826721, -0.12363512068986893, 0.13188156485557556, 0.43398916721343994, 0.20473343133926392, -0.39459216594696045, -0.29452893137931824, -0.012223351746797562, -0.09790478646755219]], "lin_end.bias": [-0.10992191731929779]}