{"lin1.weight": [[0.5655777454376221, 0.7294414639472961], [0.3896721601486206, -0.587445855140686], [-0.7547621726989746, 0.44053372740745544], [-0.419954776763916, 0.37181779742240906], [1.073659896850586, 0.4416424036026001], [-0.08723315596580505, 0.2915424406528473], [-0.9863510131835938, -0.601490318775177], [-0.9836499691009521, -0.052926383912563324], [0.6421259641647339, -0.4878869950771332], [-0.023824026808142662, -0.7335732579231262]], "lin1.bias": [-0.28373587131500244, -0.7138182520866394, 0.24829214811325073, -0.07934830337762833, 0.032417457550764084, 0.4001092314720154, -0.10557954758405685, -0.08172621577978134, -0.5402497053146362, 0.6160593628883362], "lin_end.weight": [[0.94038325548172, -0.22805209457874298, -0.268845796585083, 0.02091788686811924, 1.099550485610962, 0.2246658056974411, -1.1297547817230225, -0.7882833480834961, 0.031578630208969116, -0.3924621343612671]], "lin_end.bias": [-0.1333499252796173]}