{"lin1.weight": [[0.42102888226509094, 0.642164945602417], [0.416908323764801, -0.5577342510223389], [-0.7221033573150635, 0.4654899537563324], [-0.42828691005706787, 0.36646413803100586], [0.9475857019424438, 0.33122140169143677], [-0.12271620333194733, 0.26229292154312134], [-0.8574032187461853, -0.49126166105270386], [-0.8872177004814148, 0.019012996926903725], [0.6389607787132263, -0.4909180700778961], [0.040578823536634445, -0.7144196629524231]], "lin1.bias": [-0.2997700572013855, -0.7096561789512634, 0.25620976090431213, -0.0800602063536644, 0.04538138583302498, 0.4008076786994934, -0.13129457831382751, -0.08029279857873917, -0.5410277247428894, 0.6280406713485718], "lin_end.weight": [[0.7958685159683228, -0.20115770399570465, -0.19418136775493622, 0.0631076917052269, 0.9145175218582153, 0.22297626733779907, -0.9148798584938049, -0.6274029612541199, 0.010948983952403069, -0.31856411695480347]], "lin_end.bias": [-0.10811032354831696]}