{"lin1.weight": [[0.7151902914047241, 0.7830477356910706], [0.361935019493103, -0.6066944599151611], [-0.7925326228141785, 0.43102341890335083], [-0.4210684299468994, 0.37200695276260376], [1.1935920715332031, 0.5258732438087463], [-0.059152908623218536, 0.30438488721847534], [-1.1176166534423828, -0.6973901391029358], [-1.0767230987548828, -0.09165261685848236], [0.6475421190261841, -0.48559707403182983], [-0.0897752195596695, -0.7262264490127563]], "lin1.bias": [-0.26139771938323975, -0.7194317579269409, 0.2411329746246338, -0.07932433485984802, 0.01430036872625351, 0.3987470269203186, -0.07845518738031387, -0.07492765784263611, -0.5389519333839417, 0.6051388382911682], "lin_end.weight": [[1.0393249988555908, -0.24158066511154175, -0.3787084221839905, -0.04927239939570427, 1.2407301664352417, 0.19828906655311584, -1.3268786668777466, -0.9475305080413818, 0.06234171986579895, -0.4418729543685913]], "lin_end.bias": [-0.18694216012954712]}