{"lin1.weight": [[0.7992090582847595, 0.8099324107170105], [0.34679049253463745, -0.6140919923782349], [-0.8157802224159241, 0.43468594551086426], [-0.42546242475509644, 0.37284722924232483], [1.2562651634216309, 0.5718536972999573], [-0.04685545712709427, 0.3072279095649719], [-1.189428448677063, -0.7564460635185242], [-1.1257933378219604, -0.10184445977210999], [0.6519646644592285, -0.4850614368915558], [-0.12567108869552612, -0.7124151587486267]], "lin1.bias": [-0.24331693351268768, -0.7236548662185669, 0.23674900829792023, -0.07937450706958771, 0.00513386121019721, 0.39836177229881287, -0.06565168499946594, -0.07002314925193787, -0.537716269493103, 0.5981380939483643], "lin_end.weight": [[1.0857856273651123, -0.2431410253047943, -0.443983793258667, -0.09222524613142014, 1.3087551593780518, 0.1799953579902649, -1.4272828102111816, -1.0280121564865112, 0.08473120629787445, -0.4565270245075226]], "lin_end.bias": [-0.21648353338241577]}