{"lin1.weight": [[0.4185464382171631, 0.64095538854599], [0.4171963632106781, -0.5571408867835999], [-0.7218070030212402, 0.4657849669456482], [-0.4284684658050537, 0.3663753569126129], [0.9452635049819946, 0.3285899758338928], [-0.12323548644781113, 0.26176127791404724], [-0.8547682166099548, -0.48855966329574585], [-0.8857640624046326, 0.020326266065239906], [0.638940155506134, -0.49095505475997925], [0.04155275225639343, -0.7146705389022827]], "lin1.bias": [-0.29825127124786377, -0.7100651264190674, 0.2558766007423401, -0.07987593114376068, 0.04727596044540405, 0.40152910351753235, -0.13350436091423035, -0.08156230300664902, -0.5409998297691345, 0.6274636387825012], "lin_end.weight": [[0.7997275590896606, -0.19589641690254211, -0.1857435256242752, 0.07032383233308792, 0.918449878692627, 0.23106306791305542, -0.9048798084259033, -0.6185240745544434, 0.016066566109657288, -0.3093487322330475]], "lin_end.bias": [-0.09420502185821533]}