{"lin1.weight": [[0.5570471882820129, 0.7276016473770142], [0.39127326011657715, -0.5865429639816284], [-0.7528873682022095, 0.4409468173980713], [-0.4201624095439911, 0.3717961013317108], [1.0663598775863647, 0.4380621612071991], [-0.0890379399061203, 0.2909274399280548], [-0.9784706830978394, -0.5975459218025208], [-0.9783293604850769, -0.051274482160806656], [0.6419079899787903, -0.4879729747772217], [-0.020268335938453674, -0.7341565489768982]], "lin1.bias": [-0.28447985649108887, -0.7136287689208984, 0.24848532676696777, -0.07933589816093445, 0.03358437865972519, 0.4003111720085144, -0.10721699893474579, -0.0823688805103302, -0.5402851104736328, 0.616322934627533], "lin_end.weight": [[0.9367390871047974, -0.22719308733940125, -0.2607989013195038, 0.026498112827539444, 1.0928832292556763, 0.22796867787837982, -1.1177949905395508, -0.777862548828125, 0.03015371970832348, -0.3887474834918976]], "lin_end.bias": [-0.12790189683437347]}