{"lin1.weight": [[0.1990092545747757, 0.449943482875824], [0.4582093060016632, -0.49804332852363586], [-0.6751292943954468, 0.5172725915908813], [-0.4608708918094635, 0.3368875980377197], [0.7364265322685242, 0.1063971295952797], [-0.19273537397384644, 0.18492017686367035], [-0.654828667640686, -0.2821204662322998], [-0.7347516417503357, 0.16970200836658478], [0.6360728144645691, -0.494740754365921], [0.12569083273410797, -0.6654433012008667]], "lin1.bias": [-0.32553255558013916, -0.7043793201446533, 0.26880016922950745, -0.08356969803571701, 0.04419365152716637, 0.40039950609207153, -0.153447225689888, -0.064898282289505, -0.541761577129364, 0.6460210680961609], "lin_end.weight": [[0.5270713567733765, -0.13549236953258514, -0.129851832985878, 0.11048626899719238, 0.5791959762573242, 0.2088874876499176, -0.5385600328445435, -0.3791485130786896, 0.0031417065765708685, -0.15534986555576324]], "lin_end.bias": [-0.09118548035621643]}