{"lin1.weight": [[0.48410192131996155, 0.6820601224899292], [0.40482279658317566, -0.5709878206253052], [-0.7359961867332458, 0.4539816379547119], [-0.42352402210235596, 0.36966627836227417], [1.0046061277389526, 0.380129873752594], [-0.10611523687839508, 0.2762802243232727], [-0.9148290157318115, -0.5387284755706787], [-0.9300878643989563, -0.014238055795431137], [0.6402108669281006, -0.48965948820114136], [0.01324344240128994, -0.7248281240463257]], "lin1.bias": [-0.290261834859848, -0.7119132876396179, 0.25225207209587097, -0.07947840541601181, 0.04440365731716156, 0.4013795256614685, -0.12464696913957596, -0.08393892645835876, -0.5406768321990967, 0.6220070123672485], "lin_end.weight": [[0.8681030869483948, -0.20718617737293243, -0.21689149737358093, 0.05289123207330704, 1.0070571899414062, 0.23381470143795013, -1.003637671470642, -0.6915439963340759, 0.026374293491244316, -0.34291964769363403]], "lin_end.bias": [-0.10204369574785233]}