{"lin1.weight": [[0.24716055393218994, 0.49356743693351746], [0.4491375982761383, -0.511451244354248], [-0.685356616973877, 0.5055484771728516], [-0.4510509669780731, 0.346219003200531], [0.7833848595619202, 0.15568922460079193], [-0.17541134357452393, 0.20455360412597656], [-0.6982998847961426, -0.32635295391082764], [-0.7675294280052185, 0.13695916533470154], [0.6364091634750366, -0.49428531527519226], [0.10964222997426987, -0.6756260395050049]], "lin1.bias": [-0.3194468021392822, -0.7057678699493408, 0.2658945620059967, -0.08233986794948578, 0.046896811574697495, 0.40108388662338257, -0.15117676556110382, -0.06943728029727936, -0.5416685938835144, 0.6424213647842407], "lin_end.weight": [[0.5878801345825195, -0.1472070962190628, -0.13668811321258545, 0.10165569931268692, 0.6569754481315613, 0.21353423595428467, -0.6192255020141602, -0.42888855934143066, 0.006981331389397383, -0.18963176012039185]], "lin_end.bias": [-0.08673115819692612]}