{"lin1.weight": [[0.6077765822410583, 0.7434396743774414], [0.3818477690219879, -0.5930595993995667], [-0.7648460865020752, 0.4368346631526947], [-0.41940486431121826, 0.37195467948913574], [1.1091924905776978, 0.46341848373413086], [-0.0785452201962471, 0.29563093185424805], [-1.0245946645736694, -0.6250334978103638], [-1.0106847286224365, -0.06456821411848068], [0.6433584690093994, -0.48724833130836487], [-0.042396802455186844, -0.7329504489898682]], "lin1.bias": [-0.278891921043396, -0.715222954750061, 0.24630199372768402, -0.07934173196554184, 0.027600698173046112, 0.39967840909957886, -0.09788177907466888, -0.08034206926822662, -0.5399660468101501, 0.6134281754493713], "lin_end.weight": [[0.9687418937683105, -0.2315201610326767, -0.29987844824790955, 0.0010283517185598612, 1.1412979364395142, 0.21731539070606232, -1.1863683462142944, -0.834979236125946, 0.04050567373633385, -0.40752750635147095]], "lin_end.bias": [-0.14821654558181763]}