{"lin1.weight": [[0.32608190178871155, 0.5607601404190063], [0.4342896044254303, -0.5322787165641785], [-0.7024145722389221, 0.48707500100135803], [-0.4390598237514496, 0.3568604588508606], [0.8597529530525208, 0.23473024368286133], [-0.15006744861602783, 0.23188605904579163], [-0.7716379761695862, -0.39984285831451416], [-0.8223060965538025, 0.08379914611577988], [0.6374250650405884, -0.4929596781730652], [0.08019112795591354, -0.6926729083061218]], "lin1.bias": [-0.30873915553092957, -0.7079725861549377, 0.26110944151878357, -0.08096418529748917, 0.05017603933811188, 0.4017181098461151, -0.146274596452713, -0.07632721960544586, -0.5413883924484253, 0.635787844657898], "lin_end.weight": [[0.6854351758956909, -0.16609549522399902, -0.1563696265220642, 0.08691961318254471, 0.7812275290489197, 0.22186623513698578, -0.7503554224967957, -0.514336347579956, 0.014464217238128185, -0.24164190888404846]], "lin_end.bias": [-0.08476386964321136]}