{"lin1.weight": [[0.6187300086021423, 0.7476509809494019], [0.3798379898071289, -0.5946120023727417], [-0.7676000595092773, 0.43580082058906555], [-0.41938742995262146, 0.37196263670921326], [1.1181248426437378, 0.4696769714355469], [-0.07638829946517944, 0.29675164818763733], [-1.0342373847961426, -0.6319242715835571], [-1.017660140991211, -0.0678151547908783], [0.6437314748764038, -0.4870379865169525], [-0.04731827229261398, -0.7328144311904907]], "lin1.bias": [-0.27773356437683105, -0.7155857682228088, 0.24576261639595032, -0.079341821372509, 0.0259229838848114, 0.39954984188079834, -0.09542671591043472, -0.07978475838899612, -0.5398779511451721, 0.6126958727836609], "lin_end.weight": [[0.9763946533203125, -0.23288790881633759, -0.3079230785369873, -0.004100185353308916, 1.1520071029663086, 0.21538804471492767, -1.2013798952102661, -0.8471387028694153, 0.0424325093626976, -0.41188716888427734]], "lin_end.bias": [-0.152403324842453]}