{"lin1.weight": [[0.3562789857387543, 0.5895613431930542], [0.42880403995513916, -0.5409095287322998], [-0.7088425755500793, 0.47949206829071045], [-0.435207724571228, 0.36058202385902405], [0.8879929780960083, 0.2680785357952118], [-0.14099626243114471, 0.2427956610918045], [-0.7987086772918701, -0.4311242401599884], [-0.8432033658027649, 0.06134588271379471], [0.637974202632904, -0.4921838939189911], [0.06794188916683197, -0.7004727125167847]], "lin1.bias": [-0.3045829236507416, -0.7087574601173401, 0.2591857612133026, -0.08046896755695343, 0.05037878453731537, 0.4018781781196594, -0.1430741846561432, -0.07885169237852097, -0.5412322282791138, 0.6327911019325256], "lin_end.weight": [[0.726272463798523, -0.17624792456626892, -0.16193465888500214, 0.08412923663854599, 0.829287588596344, 0.22755584120750427, -0.800931990146637, -0.5464857816696167, 0.014759773388504982, -0.26370835304260254]], "lin_end.bias": [-0.08388976007699966]}