{"lin1.weight": [[0.3474312424659729, 0.5775214433670044], [0.43048563599586487, -0.5375517010688782], [-0.7068071365356445, 0.48248401284217834], [-0.4363330006599426, 0.35912254452705383], [0.8800485134124756, 0.25453510880470276], [-0.14365144073963165, 0.23846156895160675], [-0.7912594079971313, -0.4182266891002655], [-0.8369429111480713, 0.07042974978685379], [0.6378106474876404, -0.49247217178344727], [0.07176990061998367, -0.6969887614250183]], "lin1.bias": [-0.3069573938846588, -0.7084017992019653, 0.2599867582321167, -0.08074076473712921, 0.049504753202199936, 0.40157198905944824, -0.14334160089492798, -0.07740548253059387, -0.5412929058074951, 0.6342722177505493], "lin_end.weight": [[0.7086766362190247, -0.17260348796844482, -0.16576026380062103, 0.08033227920532227, 0.8109437823295593, 0.22111289203166962, -0.7867503762245178, -0.5400407910346985, 0.014846165664494038, -0.25768864154815674]], "lin_end.bias": [-0.0899193212389946]}