{"lin1.weight": [[0.05659503489732742, 0.31909942626953125], [0.4882369339466095, -0.4543948173522949], [-0.6368666887283325, 0.5612338781356812], [-0.504754900932312, 0.29481908679008484], [0.5999608635902405, -0.035314884036779404], [-0.25603029131889343, 0.11363986134529114], [-0.5314396023750305, -0.15798352658748627], [-0.6376848220825195, 0.26694178581237793], [0.6381533741950989, -0.4919681251049042], [0.16048221290111542, -0.6424614787101746]], "lin1.bias": [-0.3428933024406433, -0.6991966962814331, 0.2795466482639313, -0.08928757905960083, 0.031447071582078934, 0.3960765302181244, -0.15402698516845703, -0.04950399324297905, -0.5411664843559265, 0.6540442109107971], "lin_end.weight": [[0.35046905279159546, -0.11439837515354156, -0.13105683028697968, 0.1520228385925293, 0.33515435457229614, 0.20904427766799927, -0.29308220744132996, -0.24274665117263794, -0.019805660471320152, -0.05094209313392639]], "lin_end.bias": [-0.12602706253528595]}