{"lin1.weight": [[0.290321946144104, 0.5274035930633545], [0.44092047214508057, -0.5222609043121338], [-0.6946442723274231, 0.49611568450927734], [-0.4440304934978485, 0.3520646095275879], [0.8256559371948242, 0.19623936712741852], [-0.16113364696502686, 0.21896255016326904], [-0.7389113306999207, -0.36400362849235535], [-0.7973980903625488, 0.10995105654001236], [0.6369169354438782, -0.49366405606269836], [0.09417680650949478, -0.6836532354354858]], "lin1.bias": [-0.3142738342285156, -0.7068615555763245, 0.26352769136428833, -0.08169368654489517, 0.04848950356245041, 0.401185542345047, -0.14859169721603394, -0.07262410968542099, -0.5415424704551697, 0.6393218636512756], "lin_end.weight": [[0.6356937289237976, -0.15714111924171448, -0.15298637747764587, 0.0884384736418724, 0.7212373614311218, 0.21276213228702545, -0.6929810643196106, -0.4791126549243927, 0.011138382367789745, -0.21924039721488953]], "lin_end.bias": [-0.09177687019109726]}