{"lin1.weight": [[0.2449459284543991, 0.491929829120636], [0.44952884316444397, -0.5108621716499329], [-0.6849039793014526, 0.5060018301010132], [-0.45145276188850403, 0.3459070324897766], [0.7812668085098267, 0.15366427600383759], [-0.17614629864692688, 0.20377762615680695], [-0.6962842345237732, -0.3244461119174957], [-0.7660430073738098, 0.13822586834430695], [0.6363871693611145, -0.4943139851093292], [0.11042821407318115, -0.6753376722335815]], "lin1.bias": [-0.3194911479949951, -0.7057415246963501, 0.2659952640533447, -0.0823454037308693, 0.04705094173550606, 0.401165246963501, -0.15154173970222473, -0.06940145045518875, -0.5416733026504517, 0.6425241231918335], "lin_end.weight": [[0.5863612294197083, -0.14594143629074097, -0.1348234862089157, 0.10332036018371582, 0.6547523140907288, 0.21475526690483093, -0.6146208643913269, -0.42543214559555054, 0.0075934575870633125, -0.18707796931266785]], "lin_end.bias": [-0.08455609530210495]}