{"lin1.weight": [[0.49321019649505615, 0.691963255405426], [0.40332886576652527, -0.5739893317222595], [-0.7379802465438843, 0.4513038396835327], [-0.4229702055454254, 0.3702506422996521], [1.012225866317749, 0.3923313617706299], [-0.10396669059991837, 0.27941644191741943], [-0.9225959777832031, -0.5508203506469727], [-0.9361660480499268, -0.022224050015211105], [0.6403999924659729, -0.48931559920310974], [0.008865238167345524, -0.727333664894104]], "lin1.bias": [-0.2900974452495575, -0.7118821740150452, 0.25181108713150024, -0.07947295159101486, 0.04253816232085228, 0.4009796380996704, -0.12150917202234268, -0.08373230695724487, -0.5406442880630493, 0.6212368011474609], "lin_end.weight": [[0.8782779574394226, -0.21413064002990723, -0.22219519317150116, 0.04938938841223717, 1.0176104307174683, 0.23197820782661438, -1.022618293762207, -0.7045174837112427, 0.022469742223620415, -0.3545413613319397]], "lin_end.bias": [-0.10945318639278412]}