{"lin1.weight": [[0.584772527217865, 0.7364226579666138], [0.38609063625335693, -0.5901298522949219], [-0.7593817710876465, 0.4384169280529022], [-0.41955384612083435, 0.3719560205936432], [1.0901334285736084, 0.45152825117111206], [-0.08306792378425598, 0.29369011521339417], [-1.0037987232208252, -0.6117425560951233], [-0.9962347149848938, -0.05885041877627373], [0.6426903009414673, -0.487545371055603], [-0.03235175460577011, -0.7341506481170654]], "lin1.bias": [-0.281270831823349, -0.7145912647247314, 0.24713118374347687, -0.07931572198867798, 0.030849024653434753, 0.4001484513282776, -0.10261024534702301, -0.08180397003889084, -0.5400918126106262, 0.6145763397216797], "lin_end.weight": [[0.9564658999443054, -0.2282426804304123, -0.2800188362598419, 0.014520637691020966, 1.121950387954712, 0.22457070648670197, -1.1538586616516113, -0.8077722787857056, 0.03731776401400566, -0.39730799198150635]], "lin_end.bias": [-0.1350848227739334]}