{"lin1.weight": [[0.792919397354126, 0.808879554271698], [0.3477115035057068, -0.6139302253723145], [-0.8146801590919495, 0.43269261717796326], [-0.4251827597618103, 0.3724389970302582], [1.2522262334823608, 0.5685839653015137], [-0.04748561978340149, 0.3074863851070404], [-1.1843863725662231, -0.7513681054115295], [-1.12315034866333, -0.10313240438699722], [0.6517062783241272, -0.48485100269317627], [-0.12341701984405518, -0.7154061794281006]], "lin1.bias": [-0.24298664927482605, -0.7237929105758667, 0.23585408926010132, -0.07963276654481888, 0.008358323015272617, 0.39892393350601196, -0.0691206157207489, -0.07288911193609238, -0.5376110672950745, 0.5975123643875122], "lin_end.weight": [[1.0910441875457764, -0.239414781332016, -0.4314389228820801, -0.08192067593336105, 1.312975287437439, 0.19022789597511292, -1.4155845642089844, -1.0173451900482178, 0.0876912847161293, -0.4495301842689514]], "lin_end.bias": [-0.2007487267255783]}