{"lin1.weight": [[0.314839631319046, -0.024003028869628906], [0.14872249960899353, 0.3621727228164673], [0.35510197281837463, -0.16131897270679474], [0.2379259318113327, -0.43222251534461975], [-0.0424981452524662, 0.1716403365135193], [-0.30956360697746277, -0.14470231533050537], [0.4919390380382538, -0.1579333245754242], [0.6603245139122009, -0.44599419832229614], [0.700697124004364, 0.3845526874065399], [0.5991834998130798, 0.558617353439331]], "lin1.bias": [0.44886714220046997, -0.48286452889442444, -0.037422213703393936, -0.007915090769529343, -0.6440219283103943, -0.22293807566165924, 0.6287580728530884, 0.6670462489128113, -0.5250394940376282, 0.40181922912597656], "lin_end.weight": [[0.2423640489578247, 0.056551508605480194, 0.28874528408050537, 0.11604387313127518, 0.13229475915431976, -0.16302041709423065, 0.021180562674999237, -0.07289567589759827, -0.09084626287221909, -0.07470352202653885]], "lin_end.bias": [-0.18002183735370636]}