{"lin1.weight": [[0.5776960253715515, 0.7360628843307495], [0.3872663378715515, -0.5896738171577454], [-0.7580870389938354, 0.4382252097129822], [-0.4196711480617523, 0.3719789683818817], [1.084066390991211, 0.4491041600704193], [-0.0844062864780426, 0.2935506999492645], [-0.9970028400421143, -0.6089078783988953], [-0.9921553134918213, -0.05835089832544327], [0.6425127983093262, -0.4875616729259491], [-0.02965637668967247, -0.7355644702911377]], "lin1.bias": [-0.28120750188827515, -0.7146472930908203, 0.24694496393203735, -0.07927853614091873, 0.03245200216770172, 0.40062129497528076, -0.1046035960316658, -0.08304274082183838, -0.5400829315185547, 0.6142811179161072], "lin_end.weight": [[0.9576330184936523, -0.22604449093341827, -0.2697463631629944, 0.02248436026275158, 1.120652675628662, 0.23142890632152557, -1.1420953273773193, -0.7968898415565491, 0.03815881162881851, -0.39173832535743713]], "lin_end.bias": [-0.12438105046749115]}