{"lin1.weight": [[0.33468157052993774, -0.022451933473348618], [0.1528492569923401, 0.36185789108276367], [0.37816688418388367, -0.1591200828552246], [0.24727021157741547, -0.4313676953315735], [-0.03316713497042656, 0.17151670157909393], [-0.3242638409137726, -0.14638085663318634], [0.4942696690559387, -0.15787822008132935], [0.6557667255401611, -0.44562119245529175], [0.6962927579879761, 0.3848527669906616], [0.5947168469429016, 0.5576626658439636]], "lin1.bias": [0.4459330439567566, -0.4829048216342926, -0.03886617720127106, -0.008047432638704777, -0.6449905037879944, -0.22132672369480133, 0.6283345818519592, 0.6677595973014832, -0.5261099934577942, 0.4020146429538727], "lin_end.weight": [[0.24655263125896454, 0.0546550452709198, 0.2996844947338104, 0.11504261940717697, 0.11786840111017227, -0.20543591678142548, 0.03609966114163399, -0.04467035084962845, -0.056576456874608994, -0.041008926928043365]], "lin_end.bias": [-0.21512329578399658]}