{"lin1.weight": [[0.23601442575454712, 0.4841358959674835], [0.4511931538581848, -0.5084715485572815], [-0.6830207705497742, 0.5080985426902771], [-0.45312169194221497, 0.3443800210952759], [0.772551417350769, 0.14467327296733856], [-0.17924731969833374, 0.20037227869033813], [-0.6881101131439209, -0.3163022994995117], [-0.759951114654541, 0.14419372379779816], [0.6362981796264648, -0.4944332242012024], [0.11349109560251236, -0.6734822392463684]], "lin1.bias": [-0.3207226097583771, -0.7054684162139893, 0.266548216342926, -0.08256182074546814, 0.04646458849310875, 0.4010290503501892, -0.1518857330083847, -0.06851143389940262, -0.5416993498802185, 0.6432287693023682], "lin_end.weight": [[0.5750992894172668, -0.14407581090927124, -0.13338902592658997, 0.1048179641366005, 0.6402257680892944, 0.213624969124794, -0.5999965071678162, -0.41626742482185364, 0.006534291431307793, -0.18139353394508362]], "lin_end.bias": [-0.08567094057798386]}