{"lin1.weight": [[0.30164533853530884, 0.5391655564308167], [0.4388488531112671, -0.5256965160369873], [-0.6971424221992493, 0.4929226338863373], [-0.4423944652080536, 0.3538021743297577], [0.836521565914154, 0.20972953736782074], [-0.15758919715881348, 0.22350098192691803], [-0.7493090629577637, -0.376510351896286], [-0.8053632974624634, 0.10075309127569199], [0.6370747089385986, -0.4934217631816864], [0.08976871520280838, -0.68687504529953]], "lin1.bias": [-0.31245145201683044, -0.7071930766105652, 0.26272496581077576, -0.08143593370914459, 0.04920276626944542, 0.4013676643371582, -0.147938534617424, -0.073957160115242, -0.5414940118789673, 0.6381412148475647], "lin_end.weight": [[0.6526186466217041, -0.16072557866573334, -0.15281358361244202, 0.08873040974140167, 0.7409415245056152, 0.21622677147388458, -0.7117400169372559, -0.4899146556854248, 0.011440562084317207, -0.22731438279151917]], "lin_end.bias": [-0.08908514678478241]}