{"lin1.weight": [[0.7109180092811584, 0.7862569093704224], [0.3624597191810608, -0.6073669791221619], [-0.7923250794410706, 0.4285120368003845], [-0.4210008978843689, 0.3717211186885834], [1.19044828414917, 0.5271010398864746], [-0.05950260907411575, 0.30537232756614685], [-1.1134519577026367, -0.6976280212402344], [-1.0753105878829956, -0.09520332515239716], [0.6474847793579102, -0.4852418899536133], [-0.0887533649802208, -0.7300370335578918]], "lin1.bias": [-0.2598637044429779, -0.7198933362960815, 0.23975397646427155, -0.07950311154127121, 0.017510496079921722, 0.3996082544326782, -0.08160459995269775, -0.07825449109077454, -0.5387577414512634, 0.6036285161972046], "lin_end.weight": [[1.0508671998977661, -0.2377976030111313, -0.3637644946575165, -0.03641822561621666, 1.2508552074432373, 0.2122606784105301, -1.3170102834701538, -0.9365916848182678, 0.06661884486675262, -0.4339825510978699]], "lin_end.bias": [-0.16647304594516754]}