{"lin1.weight": [[0.4862719178199768, 0.6833672523498535], [0.4044848680496216, -0.5714673399925232], [-0.7364166378974915, 0.453585147857666], [-0.42339393496513367, 0.3697493374347687], [1.006597638130188, 0.38196802139282227], [-0.1056007668375969, 0.27674317359924316], [-0.9169178605079651, -0.5405141711235046], [-0.9315369725227356, -0.015423030592501163], [0.640255331993103, -0.4896039664745331], [0.012290856800973415, -0.7250482439994812]], "lin1.bias": [-0.29075488448143005, -0.7118055820465088, 0.25229668617248535, -0.07951515913009644, 0.043549131602048874, 0.4011445641517639, -0.12352743744850159, -0.0835077166557312, -0.5406834483146667, 0.6221144199371338], "lin_end.weight": [[0.8684716820716858, -0.20908606052398682, -0.22017502784729004, 0.05030875280499458, 1.0077637434005737, 0.2313942015171051, -1.0088635683059692, -0.6959143877029419, 0.024981416761875153, -0.34662964940071106]], "lin_end.bias": [-0.10653951019048691]}