{"lin1.weight": [[0.5799952149391174, 0.7367033362388611], [0.3869180679321289, -0.5899396538734436], [-0.7584922909736633, 0.4381133019924164], [-0.4196271002292633, 0.3719838857650757], [1.0860488414764404, 0.45046523213386536], [-0.08397373557090759, 0.29372909665107727], [-0.9992132186889648, -0.6103427410125732], [-0.9934987425804138, -0.05897367745637894], [0.6425673365592957, -0.48753321170806885], [-0.030568143352866173, -0.7353364825248718]], "lin1.bias": [-0.28124555945396423, -0.7146247625350952, 0.24696354568004608, -0.07928924262523651, 0.03197277709841728, 0.40047281980514526, -0.10391651093959808, -0.0827568769454956, -0.5400831699371338, 0.6143285036087036], "lin_end.weight": [[0.9578131437301636, -0.22701828181743622, -0.27265286445617676, 0.02023831009864807, 1.1214771270751953, 0.22952593863010406, -1.1461387872695923, -0.8003619909286499, 0.03765593841671944, -0.39381253719329834]], "lin_end.bias": [-0.12760195136070251]}