{"lin1.weight": [[-0.008009633049368858, 0.2632656693458557], [0.5065673589706421, -0.4303257465362549], [-0.6115869879722595, 0.5884101390838623], [-0.5403404235839844, 0.26242247223854065], [0.5465183854103088, -0.08640807867050171], [-0.29737189412117004, 0.0707668662071228], [-0.48579835891723633, -0.11582039296627045], [-0.5949514508247375, 0.30704230070114136], [0.6437569260597229, -0.48502376675605774], [0.1659729778766632, -0.6389104127883911]], "lin1.bias": [-0.3493126928806305, -0.6956743001937866, 0.28602856397628784, -0.09374209493398666, 0.02589614875614643, 0.3919472396373749, -0.15294067561626434, -0.04282032325863838, -0.539621114730835, 0.6552535891532898], "lin_end.weight": [[0.2794143557548523, -0.12366341799497604, -0.142045259475708, 0.19316935539245605, 0.21419507265090942, 0.22730612754821777, -0.17754864692687988, -0.18590813875198364, -0.0482083298265934, -0.004471129737794399]], "lin_end.bias": [-0.15692107379436493]}