{"lin1.weight": [[0.5391913056373596, 0.7158690690994263], [0.3946845233440399, -0.5826774835586548], [-0.7484749555587769, 0.44426876306533813], [-0.42077261209487915, 0.37141141295433044], [1.0517277717590332, 0.4233425259590149], [-0.09309816360473633, 0.2873694598674774], [-0.9633673429489136, -0.5823074579238892], [-0.966549813747406, -0.0419725738465786], [0.6414245367050171, -0.48844677209854126], [-0.011893680319190025, -0.7317567467689514]], "lin1.bias": [-0.2866913676261902, -0.7130336761474609, 0.2496187388896942, -0.07938660681247711, 0.03594740480184555, 0.40037110447883606, -0.11109976470470428, -0.08248929679393768, -0.5404171943664551, 0.6181204319000244], "lin_end.weight": [[0.91771000623703, -0.2233750820159912, -0.2522105574607849, 0.030860837548971176, 1.0698556900024414, 0.22681501507759094, -1.0915932655334473, -0.7586972713470459, 0.02780684269964695, -0.3797898292541504]], "lin_end.bias": [-0.12549562752246857]}