{"lin1.weight": [[0.18907998502254486, 0.43929100036621094], [0.4600191116333008, -0.4948554039001465], [-0.6728941202163696, 0.520250141620636], [-0.4631025493144989, 0.33443397283554077], [0.7266973257064819, 0.09433361142873764], [-0.19643692672252655, 0.17999035120010376], [-0.6458678841590881, -0.2713322639465332], [-0.7279253602027893, 0.1776714324951172], [0.6360043287277222, -0.49485111236572266], [0.12880824506282806, -0.6631194949150085]], "lin1.bias": [-0.32664355635643005, -0.7041651010513306, 0.26942989230155945, -0.0838310569524765, 0.04360653832554817, 0.40034422278404236, -0.15398220717906952, -0.06390519440174103, -0.5417798161506653, 0.646748960018158], "lin_end.weight": [[0.5140999555587769, -0.13083189725875854, -0.12928761541843414, 0.11252760887145996, 0.5637246966362, 0.2088489532470703, -0.5198362469673157, -0.3685090243816376, 0.0047891344875097275, -0.14500774443149567]], "lin_end.bias": [-0.09021938592195511]}