{"lin1.weight": [[0.01084309071302414, 0.2795169949531555], [0.500704288482666, -0.4380657374858856], [-0.6197804808616638, 0.5795522332191467], [-0.52824866771698, 0.27340587973594666], [0.5609086751937866, -0.07268967479467392], [-0.28400760889053345, 0.08459221571683884], [-0.4978221356868744, -0.12686853110790253], [-0.607254683971405, 0.29550737142562866], [0.6415290832519531, -0.48779016733169556], [0.1653110235929489, -0.639341413974762]], "lin1.bias": [-0.34755751490592957, -0.6968584060668945, 0.2838975787162781, -0.0921933725476265, 0.027433183044195175, 0.3933890461921692, -0.15326093137264252, -0.04480411484837532, -0.5402483344078064, 0.6551065444946289], "lin_end.weight": [[0.29938650131225586, -0.119757741689682, -0.1372135430574417, 0.1788548231124878, 0.2503916025161743, 0.220012828707695, -0.21195639669895172, -0.20192129909992218, -0.03887556493282318, -0.018555033951997757]], "lin_end.bias": [-0.14677484333515167]}