{"lin1.weight": [[0.16166065633296967, 0.4132535755634308], [0.4654052257537842, -0.48692435026168823], [-0.6663306951522827, 0.5279377698898315], [-0.4697308838367462, 0.32789766788482666], [0.6996615529060364, 0.06520122289657593], [-0.20725207030773163, 0.16748733818531036], [-0.6211350560188293, -0.2454586625099182], [-0.7090045213699341, 0.197232186794281], [0.6359074711799622, -0.49498456716537476], [0.13676880300045013, -0.6576200127601624]], "lin1.bias": [-0.3303576409816742, -0.7033281326293945, 0.27123764157295227, -0.0846838727593422, 0.041247960180044174, 0.3997250497341156, -0.15434451401233673, -0.06101159378886223, -0.541805624961853, 0.6486377120018005], "lin_end.weight": [[0.478098601102829, -0.1252039670944214, -0.1286337822675705, 0.1173010990023613, 0.5170359015464783, 0.20597614347934723, -0.4732922613620758, -0.3419281542301178, 0.0016504297964274883, -0.12494852393865585]], "lin_end.bias": [-0.09609641134738922]}