{"lin1.weight": [[0.5897813439369202, 0.7358262538909912], [0.38519421219825745, -0.5902520418167114], [-0.7603683471679688, 0.43876782059669495], [-0.4194917678833008, 0.3719330430030823], [1.0945409536361694, 0.4521477520465851], [-0.08209672570228577, 0.29358401894569397], [-1.0087324380874634, -0.612640380859375], [-0.9992138743400574, -0.058520443737506866], [0.6428250670433044, -0.48756930232048035], [-0.034227404743433, -0.732937753200531]], "lin1.bias": [-0.28128713369369507, -0.7145791053771973, 0.24729067087173462, -0.07933466881513596, 0.029780417680740356, 0.3998517692089081, -0.10136546939611435, -0.08087144792079926, -0.5401003956794739, 0.614833414554596], "lin_end.weight": [[0.9553200602531433, -0.22901564836502075, -0.2874836325645447, 0.008799798786640167, 1.1228902339935303, 0.21978645026683807, -1.1614943742752075, -0.8152816295623779, 0.03749790042638779, -0.4004106819629669]], "lin_end.bias": [-0.14210104942321777]}