{"lin1.weight": [[-0.006329183466732502, 0.2650591731071472], [0.5060171484947205, -0.4311876893043518], [-0.6123670339584351, 0.5874243378639221], [-0.5391724705696106, 0.26370513439178467], [0.5477578639984131, -0.08497849851846695], [-0.29613035917282104, 0.07233491539955139], [-0.48681703209877014, -0.11696968227624893], [-0.5960597395896912, 0.305801659822464], [0.643527090549469, -0.4853615164756775], [0.1659458428621292, -0.6389325857162476]], "lin1.bias": [-0.34913551807403564, -0.6957748532295227, 0.28583258390426636, -0.09358061850070953, 0.026042480021715164, 0.39208969473838806, -0.15297913551330566, -0.043009478598833084, -0.5396827459335327, 0.6552464962005615], "lin_end.weight": [[0.2815396785736084, -0.12372557818889618, -0.14079198241233826, 0.19216474890708923, 0.2174084633588791, 0.22672857344150543, -0.1807486116886139, -0.18689651787281036, -0.04785843938589096, -0.006405550986528397]], "lin_end.bias": [-0.15587182343006134]}