{"lin1.weight": [[0.0955636128783226, 0.3564949035644531], [0.4793523848056793, -0.46793511509895325], [-0.6489478945732117, 0.5468270778656006], [-0.4894152581691742, 0.3101178705692291], [0.6358987092971802, 0.003343431744724512], [-0.23620478808879852, 0.13694870471954346], [-0.563302218914032, -0.19125115871429443], [-0.6640304327011108, 0.2396111637353897], [0.6367814540863037, -0.4938884973526001], [0.1532621532678604, -0.6474034190177917]], "lin1.bias": [-0.338483065366745, -0.7008070945739746, 0.27610403299331665, -0.08722829073667526, 0.03526332974433899, 0.3976205289363861, -0.15439145267009735, -0.053976938128471375, -0.5415601134300232, 0.6523223519325256], "lin_end.weight": [[0.3981740176677704, -0.1206926479935646, -0.12514039874076843, 0.13719820976257324, 0.40275755524635315, 0.2049582302570343, -0.36316439509391785, -0.2779179811477661, -0.014758328907191753, -0.08397834748029709]], "lin_end.bias": [-0.11498437076807022]}