{"lin1.weight": [[0.029958058148622513, 0.29571977257728577], [0.4952628016471863, -0.4453008770942688], [-0.6272190809249878, 0.5715816617012024], [-0.5175571441650391, 0.2830289602279663], [0.57655930519104, -0.057970594614744186], [-0.27172043919563293, 0.09729554504156113], [-0.5112053155899048, -0.13900592923164368], [-0.6198020577430725, 0.28391900658607483], [0.6397832632064819, -0.4899841248989105], [0.16372545063495636, -0.6403065323829651]], "lin1.bias": [-0.34570562839508057, -0.6979544162750244, 0.28189411759376526, -0.09081491082906723, 0.029093660414218903, 0.394618958234787, -0.1535879522562027, -0.04683651775121689, -0.5407490730285645, 0.6547619700431824], "lin_end.weight": [[0.3198508024215698, -0.11713363975286484, -0.13427439332008362, 0.1660633683204651, 0.2859113812446594, 0.21411141753196716, -0.2462615817785263, -0.21905168890953064, -0.030626246705651283, -0.03198425471782684]], "lin_end.bias": [-0.1380401998758316]}