{"lin1.weight": [[0.11651267856359482, 0.37642955780029297], [0.4747527539730072, -0.47477078437805176], [-0.6547527313232422, 0.540010929107666], [-0.4824428856372833, 0.31698140501976013], [0.6557219624519348, 0.02457580529153347], [-0.22653594613075256, 0.14815859496593475], [-0.5811550617218018, -0.2098468691110611], [-0.6782180666923523, 0.2249864637851715], [0.636260449886322, -0.4945898652076721], [0.14841203391551971, -0.6507465243339539]], "lin1.bias": [-0.33582356572151184, -0.7016399502754211, 0.27443796396255493, -0.08626393228769302, 0.03731834143400192, 0.3983840048313141, -0.1545078456401825, -0.05636652931571007, -0.5417101383209229, 0.6511520743370056], "lin_end.weight": [[0.42512208223342896, -0.12366894632577896, -0.12272273749113083, 0.13174618780612946, 0.4396408498287201, 0.205518901348114, -0.3990500867366791, -0.29657357931137085, -0.01131430920213461, -0.09946855902671814]], "lin_end.bias": [-0.10787929594516754]}