{"lin1.weight": [[0.46967431902885437, 0.6754798293113708], [0.4075639843940735, -0.5685873627662659], [-0.7328267097473145, 0.4560222625732422], [-0.42447078227996826, 0.3692001402378082], [0.9915575981140137, 0.37176141142845154], [-0.10981433838605881, 0.2739086449146271], [-0.9015821814537048, -0.5305912494659424], [-0.9204016923904419, -0.008583835326135159], [0.6398783922195435, -0.489917516708374], [0.019412150606513023, -0.7233496904373169]], "lin1.bias": [-0.29180386662483215, -0.711441695690155, 0.25301483273506165, -0.07955089211463928, 0.04534759745001793, 0.401352196931839, -0.12672267854213715, -0.08368543535470963, -0.5407631397247314, 0.6230321526527405], "lin_end.weight": [[0.8546890020370483, -0.20664039254188538, -0.209028959274292, 0.05735691636800766, 0.9884547591209412, 0.2335169017314911, -0.9840329885482788, -0.6759913563728333, 0.022305011749267578, -0.3378877639770508]], "lin_end.bias": [-0.1010398417711258]}