{"lin1.weight": [[0.7414953708648682, 0.7956288456916809], [0.3570463955402374, -0.6103344559669495], [-0.8004069328308105, 0.42895928025245667], [-0.4222685396671295, 0.3717693090438843], [1.213619589805603, 0.5437012314796448], [-0.05478965863585472, 0.3066108226776123], [-1.1398179531097412, -0.718367874622345], [-1.0933253765106201, -0.09971772879362106], [0.6489280462265015, -0.48492375016212463], [-0.10190021246671677, -0.7253418564796448]], "lin1.bias": [-0.25585782527923584, -0.720890998840332, 0.23885676264762878, -0.07946942001581192, 0.011793135665357113, 0.3989279866218567, -0.07421815395355225, -0.07485991716384888, -0.5384773015975952, 0.6020612716674805], "lin_end.weight": [[1.0633692741394043, -0.2422374039888382, -0.39280444383621216, -0.05676528066396713, 1.2709683179855347, 0.19967935979366302, -1.3588398694992065, -0.9712604284286499, 0.07043181359767914, -0.44621607661247253]], "lin_end.bias": [-0.1874711513519287]}