{"lin1.weight": [[0.07969771325588226, 0.34052538871765137], [0.4827970862388611, -0.4622814953327179], [-0.6442923545837402, 0.5527126789093018], [-0.49522095918655396, 0.30404555797576904], [0.6210988163948059, -0.013464821502566338], [-0.24386419355869293, 0.12741729617118835], [-0.5500144958496094, -0.17665335536003113], [-0.653276801109314, 0.2513560652732849], [0.6372475624084473, -0.4931851923465729], [0.15655586123466492, -0.6450571417808533]], "lin1.bias": [-0.3404145836830139, -0.7001602053642273, 0.27753424644470215, -0.08808419108390808, 0.0335376001894474, 0.3970158100128174, -0.1541992723941803, -0.05197706073522568, -0.5414173007011414, 0.6531463861465454], "lin_end.weight": [[0.3776456117630005, -0.1168639063835144, -0.12872755527496338, 0.14179423451423645, 0.3751848042011261, 0.20547737181186676, -0.3346883952617645, -0.26419150829315186, -0.01546667143702507, -0.07003496587276459]], "lin_end.bias": [-0.11969408392906189]}