{"lin1.weight": [[0.6462023854255676, 0.7636433839797974], [0.37459641695022583, -0.5997182130813599], [-0.7752667665481567, 0.43135136365890503], [-0.41953957080841064, 0.37187203764915466], [1.1398714780807495, 0.49050629138946533], [-0.07088173925876617, 0.3007830083370209], [-1.0573413372039795, -0.6546041369438171], [-1.0356864929199219, -0.08009713888168335], [0.6448172330856323, -0.48620837926864624], [-0.060351770371198654, -0.7349493503570557]], "lin1.bias": [-0.27281248569488525, -0.7169163227081299, 0.24346871674060822, -0.07936888188123703, 0.023186614736914635, 0.3997792601585388, -0.09055326133966446, -0.08013245463371277, -0.5395212173461914, 0.6093755960464478], "lin_end.weight": [[1.006160855293274, -0.23542770743370056, -0.31970807909965515, -0.00926276110112667, 1.1881842613220215, 0.21961140632629395, -1.2371889352798462, -0.873125433921814, 0.04954136535525322, -0.4196493625640869]], "lin_end.bias": [-0.1508459746837616]}