{"lin1.weight": [[0.24936409294605255, 0.49531877040863037], [0.4487042725086212, -0.5120176672935486], [-0.6858251094818115, 0.5050687193870544], [-0.450651615858078, 0.3465587794780731], [0.7855990529060364, 0.15787319839000702], [-0.1746419072151184, 0.20533964037895203], [-0.7004386782646179, -0.32838916778564453], [-0.7690609693527222, 0.1355336308479309], [0.6364305019378662, -0.4942595064640045], [0.10889702290296555, -0.6760135293006897]], "lin1.bias": [-0.3194003999233246, -0.7057584524154663, 0.26584482192993164, -0.082354336977005, 0.04677639156579971, 0.4009890854358673, -0.1508721113204956, -0.06942249089479446, -0.541666567325592, 0.6423436403274536], "lin_end.weight": [[0.5894914865493774, -0.1483740210533142, -0.13862013816833496, 0.1000039204955101, 0.659315824508667, 0.21227605640888214, -0.6240434050559998, -0.4324355721473694, 0.0064618694595992565, -0.19247494637966156]], "lin_end.bias": [-0.08897142857313156]}