{"lin1.weight": [[0.027673281729221344, 0.29434770345687866], [0.4958932399749756, -0.4446737468242645], [-0.6263864636421204, 0.5722759366035461], [-0.5187385082244873, 0.2822456955909729], [0.5746500492095947, -0.05926896631717682], [-0.27314454317092896, 0.09623760730028152], [-0.5095563530921936, -0.1379566639661789], [-0.618325412273407, 0.28493785858154297], [0.6399644613265991, -0.48981061577796936], [0.1639496088027954, -0.6402081251144409]], "lin1.bias": [-0.3458675444126129, -0.6978248357772827, 0.28210270404815674, -0.09093489497900009, 0.028946029022336006, 0.39449602365493774, -0.1535894274711609, -0.04664260149002075, -0.5406991243362427, 0.6547971367835999], "lin_end.weight": [[0.3180449306964874, -0.11810404062271118, -0.13335226476192474, 0.1681465059518814, 0.28175559639930725, 0.2151055783033371, -0.24232445657253265, -0.21632659435272217, -0.03235181048512459, -0.031198475509881973]], "lin_end.bias": [-0.13872748613357544]}