{"lin1.weight": [[0.04777912050485611, 0.3114902973175049], [0.4904589354991913, -0.45146462321281433], [-0.6338186860084534, 0.5644879937171936], [-0.5087515711784363, 0.29120099544525146], [0.5920950174331665, -0.04282940924167633], [-0.2610042691230774, 0.10845452547073364], [-0.5246167182922363, -0.15165364742279053], [-0.6317675113677979, 0.2724568843841553], [0.6386094093322754, -0.4914044439792633], [0.16171851754188538, -0.6416828036308289]], "lin1.bias": [-0.34378698468208313, -0.698796272277832, 0.2803254723548889, -0.08976099640130997, 0.0307089164853096, 0.39565765857696533, -0.15395194292068481, -0.0486261360347271, -0.5410449504852295, 0.6543115973472595], "lin_end.weight": [[0.34065836668014526, -0.11477790772914886, -0.13142870366573334, 0.1567654311656952, 0.31943878531455994, 0.21087780594825745, -0.2774805724620819, -0.2344113290309906, -0.022864295169711113, -0.04457995295524597]], "lin_end.bias": [-0.12906579673290253]}