{"lin1.weight": [[0.2258533090353012, 0.47758588194847107], [0.4530935287475586, -0.5063022375106812], [-0.6809613108634949, 0.5099645256996155], [-0.45509073138237, 0.34297990798950195], [0.7626086473464966, 0.13720765709877014], [-0.1828489452600479, 0.1973615139722824], [-0.6788185238838196, -0.30973872542381287], [-0.7531582117080688, 0.1492704600095749], [0.6362248063087463, -0.49451175332069397], [0.11685618758201599, -0.6719523072242737]], "lin1.bias": [-0.3214673101902008, -0.7051889896392822, 0.2670576572418213, -0.08272576332092285, 0.046384550631046295, 0.40097126364707947, -0.15273411571979523, -0.06790800392627716, -0.5417177081108093, 0.6437401175498962], "lin_end.weight": [[0.5654551982879639, -0.1432654857635498, -0.1283062845468521, 0.10923552513122559, 0.6256057024002075, 0.2147998809814453, -0.583594560623169, -0.4040929675102234, 0.004168641287833452, -0.1756874918937683]], "lin_end.bias": [-0.0844646617770195]}