{"lin1.weight": [[0.037833452224731445, 0.302557110786438], [0.4931058883666992, -0.4480533301830292], [-0.6301882863044739, 0.5684131979942322], [-0.5135383605957031, 0.28671279549598694], [0.5833666920661926, -0.051404763013124466], [-0.26689568161964417, 0.10225764662027359], [-0.5171130299568176, -0.14450211822986603], [-0.6250876784324646, 0.27890127897262573], [0.6392219662666321, -0.49065956473350525], [0.16291584074497223, -0.6408447027206421]], "lin1.bias": [-0.3448781669139862, -0.6983374953269958, 0.2811836302280426, -0.09033500403165817, 0.029836824163794518, 0.3950836956501007, -0.15379410982131958, -0.04764030501246452, -0.5408928394317627, 0.6545792818069458], "lin_end.weight": [[0.3287513852119446, -0.11601369827985764, -0.13325338065624237, 0.1615038961172104, 0.3006887435913086, 0.21228964626789093, -0.2603420615196228, -0.22607719898223877, -0.027133269235491753, -0.037550196051597595]], "lin_end.bias": [-0.1343322992324829]}