{"lin1.weight": [[-0.011614440008997917, 0.26031747460365295], [0.5078105330467224, -0.42882415652275085], [-0.6099113821983337, 0.590100109577179], [-0.5428757667541504, 0.26022395491600037], [0.5439040660858154, -0.08875235915184021], [-0.30010634660720825, 0.06810913980007172], [-0.48363640904426575, -0.11394315958023071], [-0.5926209092140198, 0.30910754203796387], [0.6442873477935791, -0.4844144284725189], [0.1660153567790985, -0.638888418674469]], "lin1.bias": [-0.3496363162994385, -0.6954325437545776, 0.28642335534095764, -0.09403754770755768, 0.025629136711359024, 0.39164531230926514, -0.15286889672279358, -0.04247935488820076, -0.5394819974899292, 0.6552615761756897], "lin_end.weight": [[0.27581971883773804, -0.12492070347070694, -0.14270681142807007, 0.19633817672729492, 0.20708271861076355, 0.22899088263511658, -0.17090702056884766, -0.18271073698997498, -0.05055811628699303, -0.0020198114216327667]], "lin_end.bias": [-0.15898731350898743]}