{"lin1.weight": [[0.42122235894203186, 0.6436687111854553], [0.4167247414588928, -0.5579665303230286], [-0.7223649621009827, 0.4650699198246002], [-0.4282205402851105, 0.3666306436061859], [0.9476630091667175, 0.3318268656730652], [-0.12252013385295868, 0.262697696685791], [-0.8571546077728271, -0.4916650354862213], [-0.8875907063484192, 0.01814308390021324], [0.6389824748039246, -0.49088892340660095], [0.040349096059799194, -0.7154397964477539]], "lin1.bias": [-0.29804620146751404, -0.7100895643234253, 0.255734920501709, -0.07985776662826538, 0.047034844756126404, 0.4014756381511688, -0.1329251229763031, -0.08165578544139862, -0.5409901738166809, 0.6272162795066833], "lin_end.weight": [[0.8030749559402466, -0.19734737277030945, -0.1867579221725464, 0.06973070651292801, 0.9221614599227905, 0.23108461499214172, -0.9099005460739136, -0.6218633651733398, 0.015516787767410278, -0.3120632767677307]], "lin_end.bias": [-0.0952356606721878]}