{"lin1.weight": [[0.6508402228355408, 0.7655317783355713], [0.37377628684043884, -0.6003397107124329], [-0.7763534784317017, 0.4311174154281616], [-0.41958335041999817, 0.3718636929988861], [1.143436074256897, 0.4936573803424835], [-0.07006843388080597, 0.30118516087532043], [-1.0613090991973877, -0.6582430601119995], [-1.0383930206298828, -0.08142229169607162], [0.6449828743934631, -0.4861319959163666], [-0.06233753636479378, -0.7345554828643799]], "lin1.bias": [-0.2721441090106964, -0.7170395255088806, 0.24333231151103973, -0.07936834543943405, 0.022465670481324196, 0.3996657431125641, -0.0895473062992096, -0.07974917441606522, -0.5394893884658813, 0.6090986132621765], "lin_end.weight": [[1.0084586143493652, -0.23649029433727264, -0.3237786889076233, -0.012081993743777275, 1.191604495048523, 0.21791259944438934, -1.243948221206665, -0.878517210483551, 0.04975984990596771, -0.42197754979133606]], "lin_end.bias": [-0.15403024852275848]}