{"lin1.weight": [[0.07544783502817154, 0.33735620975494385], [0.48381316661834717, -0.46108007431030273], [-0.6429582238197327, 0.5539788603782654], [-0.4968690872192383, 0.30274707078933716], [0.6171476244926453, -0.016803298145532608], [-0.24604664742946625, 0.12540708482265472], [-0.5464978814125061, -0.17376340925693512], [-0.6504002213478088, 0.25372034311294556], [0.6373977661132812, -0.4930252134799957], [0.1573365032672882, -0.6446540951728821]], "lin1.bias": [-0.340823769569397, -0.6999767422676086, 0.27787238359451294, -0.08825600147247314, 0.03321358934044838, 0.39686721563339233, -0.15418891608715057, -0.051593054085969925, -0.5413777232170105, 0.6533011198043823], "lin_end.weight": [[0.37343135476112366, -0.11721589416265488, -0.12764990329742432, 0.14435185492038727, 0.36794766783714294, 0.20649182796478271, -0.3272363841533661, -0.25948652625083923, -0.017192572355270386, -0.06758205592632294]], "lin_end.bias": [-0.12046358734369278]}