{"lin1.weight": [[0.7343191504478455, 0.7918020486831665], [0.3582020401954651, -0.6093030571937561], [-0.7986732721328735, 0.4290659725666046], [-0.4219900369644165, 0.3717666268348694], [1.2085673809051514, 0.5376532077789307], [-0.05582837387919426, 0.3060525953769684], [-1.1340112686157227, -0.7110486626625061], [-1.0893701314926147, -0.09761705249547958], [0.6485999822616577, -0.48507076501846313], [-0.09878361970186234, -0.72635418176651]], "lin1.bias": [-0.25607457756996155, -0.7208688855171204, 0.23876221477985382, -0.07954247295856476, 0.014237651601433754, 0.3993105888366699, -0.07727353274822235, -0.07639098912477493, -0.5384901165962219, 0.6021780371665955], "lin_end.weight": [[1.061851143836975, -0.23862503468990326, -0.38401222229003906, -0.050122179090976715, 1.268466830253601, 0.20519930124282837, -1.3460437059402466, -0.9610519409179688, 0.07223694771528244, -0.43974706530570984]], "lin_end.bias": [-0.17762155830860138]}