{"lin1.weight": [[0.3231968581676483, 0.5582643151283264], [0.4348052442073822, -0.5315271615982056], [-0.7018303275108337, 0.48775264620780945], [-0.439443975687027, 0.35650452971458435], [0.8569234609603882, 0.23172593116760254], [-0.15095415711402893, 0.23091550171375275], [-0.7688714265823364, -0.3970835208892822], [-0.8203031420707703, 0.08584579080343246], [0.637378454208374, -0.4930232763290405], [0.08130122721195221, -0.6919964551925659]], "lin1.bias": [-0.30922731757164, -0.7078845500946045, 0.2613000273704529, -0.08102136850357056, 0.04988905414938927, 0.40167510509490967, -0.146328404545784, -0.07596541941165924, -0.5414031147956848, 0.636063814163208], "lin_end.weight": [[0.6815721988677979, -0.16551055014133453, -0.15598201751708984, 0.0871078297495842, 0.7764038443565369, 0.2211683839559555, -0.7457766532897949, -0.5114511251449585, 0.014089606702327728, -0.24002669751644135]], "lin_end.bias": [-0.08532329648733139]}