{"lin1.weight": [[0.09300544857978821, 0.35318878293037415], [0.47993719577789307, -0.4668574035167694], [-0.6481667757034302, 0.5479541420936584], [-0.49033281207084656, 0.3089374303817749], [0.6335106492042542, -2.759462222456932e-05], [-0.23743021488189697, 0.1350903958082199], [-0.5612091422080994, -0.18829885125160217], [-0.6622570157051086, 0.24196064472198486], [0.6368597745895386, -0.4937562942504883], [0.15382876992225647, -0.6468533873558044]], "lin1.bias": [-0.33893513679504395, -0.7007037997245789, 0.27633780241012573, -0.08739373832941055, 0.03493305668234825, 0.39747747778892517, -0.1543223261833191, -0.05361217260360718, -0.5415375232696533, 0.6525012850761414], "lin_end.weight": [[0.3936549425125122, -0.11982832103967667, -0.12725678086280823, 0.1367303431034088, 0.39767390489578247, 0.20399491488933563, -0.35890763998031616, -0.2767241597175598, -0.014645800925791264, -0.08144420385360718]], "lin_end.bias": [-0.11701630800962448]}