{"lin1.weight": [[0.7739641666412354, 0.8024832010269165], [0.3512697219848633, -0.6122350096702576], [-0.8087437152862549, 0.4321702718734741], [-0.4239160418510437, 0.37233397364616394], [1.238046407699585, 0.5585693120956421], [-0.05028213560581207, 0.30682462453842163], [-1.168328881263733, -0.7383430004119873], [-1.1115601062774658, -0.10076088458299637], [0.650507926940918, -0.4850475490093231], [-0.11507636308670044, -0.7179529070854187]], "lin1.bias": [-0.24805301427841187, -0.7225232124328613, 0.2375512570142746, -0.07946578413248062, 0.009438775479793549, 0.39869043231010437, -0.07091862708330154, -0.07297571003437042, -0.538055419921875, 0.5997598171234131], "lin_end.weight": [[1.0760095119476318, -0.24152368307113647, -0.42042967677116394, -0.07580649852752686, 1.2929356098175049, 0.18965260684490204, -1.3957430124282837, -1.0020347833633423, 0.07950673252344131, -0.45018503069877625]], "lin_end.bias": [-0.20165349543094635]}