{"lin1.weight": [[0.35322508215904236, 0.5862141251564026], [0.429368793964386, -0.5399391651153564], [-0.7081939578056335, 0.4803236126899719], [-0.43558594584465027, 0.3601689338684082], [0.885210394859314, 0.2642046809196472], [-0.14189770817756653, 0.24156521260738373], [-0.7960442900657654, -0.42745205760002136], [-0.8411118388175964, 0.06391328573226929], [0.6379219889640808, -0.4922639727592468], [0.06921454519033432, -0.6995490193367004]], "lin1.bias": [-0.3051794767379761, -0.7086597681045532, 0.2594045102596283, -0.08053524047136307, 0.05025142803788185, 0.4018276333808899, -0.14330513775348663, -0.0785108134150505, -0.5412490963935852, 0.6331778764724731], "lin_end.weight": [[0.7214510440826416, -0.17515704035758972, -0.16206978261470795, 0.08379564434289932, 0.8239245414733887, 0.22634528577327728, -0.7959616184234619, -0.543667733669281, 0.014734987169504166, -0.2616109549999237]], "lin_end.bias": [-0.08473517745733261]}