{"lin1.weight": [[0.5270184278488159, 0.709453821182251], [0.39705002307891846, -0.5803850889205933], [-0.7454811334609985, 0.44620198011398315], [-0.4212091267108917, 0.3711991012096405], [1.04143488407135, 0.41512006521224976], [-0.09589768201112747, 0.28535205125808716], [-0.9526892304420471, -0.5737810730934143], [-0.9584216475486755, -0.036730580031871796], [0.6411249041557312, -0.4886937439441681], [-0.006283402442932129, -0.7305502891540527]], "lin1.bias": [-0.2883102595806122, -0.7125634551048279, 0.2504023015499115, -0.07942704856395721, 0.03712114691734314, 0.40033963322639465, -0.11323028802871704, -0.0824115201830864, -0.5405037999153137, 0.6192626953125], "lin_end.weight": [[0.9055813550949097, -0.22212891280651093, -0.246065154671669, 0.03408370539546013, 1.0541980266571045, 0.22603672742843628, -1.0749398469924927, -0.7459861040115356, 0.024957159534096718, -0.37532734870910645]], "lin_end.bias": [-0.12475182116031647]}