{"lin1.weight": [[0.17994080483913422, 0.4325096905231476], [0.4618382453918457, -0.49269190430641174], [-0.6707972288131714, 0.5222693681716919], [-0.4652244746685028, 0.33274412155151367], [0.7176622748374939, 0.08665864169597626], [-0.2000075727701187, 0.17669855058193207], [-0.6375561952590942, -0.2645535469055176], [-0.7217072248458862, 0.18285050988197327], [0.6359652876853943, -0.49489331245422363], [0.13147678971290588, -0.6616805791854858]], "lin1.bias": [-0.32762736082077026, -0.7038864493370056, 0.2699446678161621, -0.08404026180505753, 0.04310714825987816, 0.4001905918121338, -0.15427593886852264, -0.06318899989128113, -0.5417892932891846, 0.6472520232200623], "lin_end.weight": [[0.5042364597320557, -0.13039478659629822, -0.12627166509628296, 0.1158427819609642, 0.5491505861282349, 0.20919585227966309, -0.504840612411499, -0.35836660861968994, 0.0022669443860650063, -0.13984307646751404]], "lin_end.bias": [-0.09091116487979889]}