{"lin1.weight": [[0.31628894805908203, -0.024342810735106468], [0.14902900159358978, 0.3620384633541107], [0.35675397515296936, -0.16173265874385834], [0.23860332369804382, -0.43238693475723267], [-0.041780129075050354, 0.17138202488422394], [-0.3105461597442627, -0.14450179040431976], [0.49206438660621643, -0.1579679697751999], [0.6599189043045044, -0.4458363652229309], [0.7002962231636047, 0.3847399652004242], [0.5987406969070435, 0.5586374998092651]], "lin1.bias": [0.4486633241176605, -0.48287156224250793, -0.03751428797841072, -0.007916122674942017, -0.6441056132316589, -0.2228481024503708, 0.6287350058555603, 0.6671217083930969, -0.5251407623291016, 0.40181252360343933], "lin_end.weight": [[0.2427607774734497, 0.055749259889125824, 0.2898826003074646, 0.11688309162855148, 0.13094337284564972, -0.16575700044631958, 0.02266164869070053, -0.06993022561073303, -0.08898486196994781, -0.07301092892885208]], "lin_end.bias": [-0.18245042860507965]}