{"lin1.weight": [[0.10260965675115585, 0.36192548274993896], [0.4777720272541046, -0.46994996070861816], [-0.650911271572113, 0.5448659658432007], [-0.48699626326560974, 0.31210049986839294], [0.6425054669380188, 0.009139303117990494], [-0.23288309574127197, 0.14017213881015778], [-0.569251537322998, -0.19629885256290436], [-0.668739378452301, 0.23560358583927155], [0.6365776658058167, -0.4941276013851166], [0.15169654786586761, -0.648226797580719]], "lin1.bias": [-0.3377425968647003, -0.7011169195175171, 0.27554768323898315, -0.08693259954452515, 0.035823218524456024, 0.39785921573638916, -0.1543584018945694, -0.05467774346470833, -0.5416196584701538, 0.652001678943634], "lin_end.weight": [[0.4056752622127533, -0.12061528116464615, -0.12636975944042206, 0.13387994468212128, 0.41467806696891785, 0.20408600568771362, -0.375033438205719, -0.28526487946510315, -0.012443345040082932, -0.08790180832147598]], "lin_end.bias": [-0.11341166496276855]}