{"lin1.weight": [[0.5686237812042236, 0.7310659289360046], [0.38909900188446045, -0.5880337953567505], [-0.7555570602416992, 0.439981609582901], [-0.4198841154575348, 0.37185510993003845], [1.0762487649917603, 0.4435982406139374], [-0.08654844760894775, 0.29204195737838745], [-0.9890369772911072, -0.6034758687019348], [-0.9857519268989563, -0.05426081269979477], [0.6422125101089478, -0.48781096935272217], [-0.02529790811240673, -0.7339511513710022]], "lin1.bias": [-0.2837270498275757, -0.7138836979866028, 0.24813267588615417, -0.07934601604938507, 0.031710993498563766, 0.40006235241889954, -0.10457762330770493, -0.08153629302978516, -0.5402302742004395, 0.6158729791641235], "lin_end.weight": [[0.9431508779525757, -0.2287319004535675, -0.27091142535209656, 0.01967417448759079, 1.1030521392822266, 0.22432759404182434, -1.134412169456482, -0.7919963598251343, 0.03189735859632492, -0.39432236552238464]], "lin_end.bias": [-0.13448671996593475]}