{"lin1.weight": [[0.7813073396682739, 0.8022641539573669], [0.34996747970581055, -0.6121779084205627], [-0.8105080723762512, 0.43385300040245056], [-0.4242907762527466, 0.37264910340309143], [1.2436590194702148, 0.5600175857543945], [-0.04931621253490448, 0.30646899342536926], [-1.1749697923660278, -0.740967333316803], [-1.115465760231018, -0.09924677014350891], [0.6508883237838745, -0.48526281118392944], [-0.11776380240917206, -0.7154481410980225]], "lin1.bias": [-0.24584077298641205, -0.722961962223053, 0.23735222220420837, -0.07945030927658081, 0.00941627286374569, 0.3986852169036865, -0.07096824049949646, -0.07256749272346497, -0.5379527807235718, 0.5993211269378662], "lin_end.weight": [[1.0773491859436035, -0.24000363051891327, -0.42708519101142883, -0.08049706369638443, 1.296875238418579, 0.18706868588924408, -1.4023165702819824, -1.0081900358200073, 0.08267616480588913, -0.4492935538291931]], "lin_end.bias": [-0.20433202385902405]}