{"lin1.weight": [[0.08598915487527847, 0.34646478295326233], [0.4814230799674988, -0.4644072651863098], [-0.6461745500564575, 0.5504462718963623], [-0.4928707182407379, 0.30636653304100037], [0.6269324421882629, -0.007270217873156071], [-0.24077093601226807, 0.13102558255195618], [-0.5552190542221069, -0.18197627365589142], [-0.6575254797935486, 0.24698208272457123], [0.6370598673820496, -0.49345263838768005], [0.15531133115291595, -0.6458960771560669]], "lin1.bias": [-0.339701771736145, -0.7004258632659912, 0.27696341276168823, -0.08774867653846741, 0.034172311425209045, 0.3972660005092621, -0.15424102544784546, -0.05273767188191414, -0.541474461555481, 0.6528541445732117], "lin_end.weight": [[0.38538244366645813, -0.11783476918935776, -0.12781256437301636, 0.13956649601459503, 0.38613808155059814, 0.2050444483757019, -0.34576573967933655, -0.2698497176170349, -0.014611421152949333, -0.07502854615449905]], "lin_end.bias": [-0.11777279525995255]}