{"lin1.weight": [[0.040393587201833725, 0.3048636019229889], [0.4923837184906006, -0.4489234983921051], [-0.6311526894569397, 0.5674037337303162], [-0.5122764110565186, 0.28790003061294556], [0.5856004357337952, -0.04921991378068924], [-0.2653360366821289, 0.10386094450950623], [-0.5190304517745972, -0.14632900059223175], [-0.6268072724342346, 0.2772439122200012], [0.6390442252159119, -0.4908653795719147], [0.16262780129909515, -0.6410561203956604]], "lin1.bias": [-0.3446160554885864, -0.6984420418739319, 0.2809984087944031, -0.09021127969026566, 0.0300221499055624, 0.3952225148677826, -0.15381811559200287, -0.04784722998738289, -0.5409298539161682, 0.6545186638832092], "lin_end.weight": [[0.3317454159259796, -0.11559081077575684, -0.13294155895709991, 0.16016463935375214, 0.3054752051830292, 0.2117794305086136, -0.26485154032707214, -0.22829866409301758, -0.02591903693974018, -0.03953501209616661]], "lin_end.bias": [-0.1331031173467636]}