{"lin1.weight": [[0.30930095911026, 0.5468431711196899], [0.4374699890613556, -0.528061032295227], [-0.6988108158111572, 0.4908596873283386], [-0.4413241446018219, 0.3548847436904907], [0.8436856865882874, 0.21864831447601318], [-0.15526418387889862, 0.22649787366390228], [-0.756173849105835, -0.3849358856678009], [-0.810678243637085, 0.09481379389762878], [0.6371766328811646, -0.49326831102371216], [0.08669203519821167, -0.6888416409492493]], "lin1.bias": [-0.31185367703437805, -0.707302451133728, 0.26230016350746155, -0.08135353773832321, 0.048807840794324875, 0.4012536108493805, -0.14666235446929932, -0.074324831366539, -0.5414704084396362, 0.6375155448913574], "lin_end.weight": [[0.6617951393127441, -0.1648539900779724, -0.15554076433181763, 0.08655066788196564, 0.7515513300895691, 0.21570901572704315, -0.7263963222503662, -0.4994807243347168, 0.009814906865358353, -0.23540258407592773]], "lin_end.bias": [-0.09211266785860062]}