{"lin1.weight": [[0.06132260710000992, 0.3239123225212097], [0.48708972334861755, -0.45614734292030334], [-0.6384634971618652, 0.5592830181121826], [-0.502687394618988, 0.29698827862739563], [0.6042264103889465, -0.030549313873052597], [-0.25344517827033997, 0.11678803712129593], [-0.5351334810256958, -0.16201697289943695], [-0.6408838629722595, 0.2634900212287903], [0.6379395127296448, -0.49227261543273926], [0.1597553938627243, -0.6430105566978455]], "lin1.bias": [-0.3422807455062866, -0.6994120478630066, 0.279099702835083, -0.08898354321718216, 0.03195745497941971, 0.39634108543395996, -0.15413397550582886, -0.050074972212314606, -0.541227400302887, 0.6538576483726501], "lin_end.weight": [[0.3569048345088959, -0.1148153617978096, -0.1291244775056839, 0.1507520228624344, 0.34401604533195496, 0.20908884704113007, -0.3011897802352905, -0.24614599347114563, -0.018846388906240463, -0.05480585992336273]], "lin_end.bias": [-0.1233382597565651]}