{"lin1.weight": [[0.5895223021507263, 0.7354379296302795], [0.3853985071182251, -0.5901983380317688], [-0.7599878311157227, 0.43918418884277344], [-0.4195011854171753, 0.37191998958587646], [1.094098448753357, 0.45266491174697876], [-0.08232033252716064, 0.2934318482875824], [-1.0085222721099854, -0.6134534478187561], [-0.9986085295677185, -0.05816662684082985], [0.6427765488624573, -0.4876076877117157], [-0.033938441425561905, -0.732052743434906]], "lin1.bias": [-0.2826020121574402, -0.7141796350479126, 0.24787984788417816, -0.07935488969087601, 0.028253385797142982, 0.3993421792984009, -0.09978535026311874, -0.0795096680521965, -0.5401744246482849, 0.6155811548233032], "lin_end.weight": [[0.9495886564254761, -0.23254257440567017, -0.2928840219974518, 0.0038037151098251343, 1.1164745092391968, 0.21338683366775513, -1.1655128002166748, -0.8192468285560608, 0.033294737339019775, -0.4059009552001953]], "lin_end.bias": [-0.15251491963863373]}