{"lin1.weight": [[0.6742523908615112, 0.7756759524345398], [0.3694278597831726, -0.6037982702255249], [-0.7825480699539185, 0.42915624380111694], [-0.4200059771537781, 0.3717814087867737], [1.1616020202636719, 0.5088710784912109], [-0.06586695462465286, 0.30347150564193726], [-1.0813323259353638, -0.6756850481033325], [-1.0529730319976807, -0.0886227935552597], [0.6458609700202942, -0.48564594984054565], [-0.07306091487407684, -0.7336660027503967]], "lin1.bias": [-0.26938745379447937, -0.7177780866622925, 0.24228620529174805, -0.07938144356012344, 0.018222423270344734, 0.39926445484161377, -0.08369970321655273, -0.07792111486196518, -0.5392910242080688, 0.607446551322937], "lin_end.weight": [[1.0238213539123535, -0.2409989833831787, -0.3423701226711273, -0.024227024987339973, 1.2124581336975098, 0.2121957391500473, -1.2774802446365356, -0.9051910638809204, 0.05232817679643631, -0.43296438455581665]], "lin_end.bias": [-0.16604945063591003]}