{"lin1.weight": [[0.4324552118778229, 0.6481287479400635], [0.4146270155906677, -0.5598514080047607], [-0.7246624231338501, 0.4636165201663971], [-0.4273557662963867, 0.36700496077537537], [0.9581411480903625, 0.3382205069065094], [-0.11963588744401932, 0.26445484161376953], [-0.868008553981781, -0.49792274832725525], [-0.8951197862625122, 0.01396288350224495], [0.6391178369522095, -0.49078115820884705], [0.03562813252210617, -0.7161551713943481]], "lin1.bias": [-0.297492116689682, -0.7102956175804138, 0.2553049921989441, -0.07988066226243973, 0.04607956483960152, 0.4012073874473572, -0.13102826476097107, -0.08155084401369095, -0.540968656539917, 0.6267726421356201], "lin_end.weight": [[0.8102325201034546, -0.199386328458786, -0.19624026119709015, 0.06304039806127548, 0.9337106347084045, 0.2275245040655136, -0.9278604388237, -0.6367855668067932, 0.016729675233364105, -0.3187955617904663]], "lin_end.bias": [-0.10173412412405014]}