{"lin1.weight": [[0.6440372467041016, 0.7601147294044495], [0.3750535845756531, -0.5987654328346252], [-0.7744580507278442, 0.43245700001716614], [-0.41951218247413635, 0.3719068467617035], [1.138427972793579, 0.48656344413757324], [-0.07136565446853638, 0.2999115586280823], [-1.0559567213058472, -0.6504066586494446], [-1.0341054201126099, -0.07737977802753448], [0.6447026133537292, -0.4864003658294678], [-0.05905434116721153, -0.73386150598526]], "lin1.bias": [-0.27326399087905884, -0.7168139219284058, 0.24378952383995056, -0.07936178892850876, 0.02363922819495201, 0.39973410964012146, -0.09131473302841187, -0.08000992983579636, -0.5395656228065491, 0.6099202036857605], "lin_end.weight": [[1.0012881755828857, -0.23419241607189178, -0.3201213777065277, -0.010127396322786808, 1.1835201978683472, 0.21792058646678925, -1.233235239982605, -0.8710814714431763, 0.04962514713406563, -0.41792356967926025]], "lin_end.bias": [-0.1519775092601776]}