{"lin1.weight": [[0.4072527289390564, 0.6301119923591614], [0.4192430377006531, -0.5538062453269958], [-0.7193968892097473, 0.4686782658100128], [-0.429564893245697, 0.3653061091899872], [0.9350599050521851, 0.3158207833766937], [-0.12634184956550598, 0.2579343020915985], [-0.8447188138961792, -0.47633522748947144], [-0.8779729008674622, 0.02899693138897419], [0.6387432217597961, -0.4912413954734802], [0.046572182327508926, -0.7115918397903442]], "lin1.bias": [-0.29943323135375977, -0.7098676562309265, 0.2565380930900574, -0.07998351007699966, 0.04793397709727287, 0.40163466334342957, -0.13549578189849854, -0.08098311722278595, -0.5410505533218384, 0.6285804510116577], "lin_end.weight": [[0.7851511836051941, -0.19095827639102936, -0.18214264512062073, 0.07218359410762787, 0.9018609523773193, 0.22997407615184784, -0.884945273399353, -0.6052735447883606, 0.017095467075705528, -0.2996242046356201]], "lin_end.bias": [-0.09193526953458786]}