{"lin1.weight": [[0.049816425889730453, 0.3139241635799408], [0.4899531602859497, -0.4523618221282959], [-0.6345486044883728, 0.5634828209877014], [-0.507792055606842, 0.29235583543777466], [0.5938999652862549, -0.04048530012369156], [-0.2598516643047333, 0.11009640246629715], [-0.5261558294296265, -0.15363432466983795], [-0.6331588625907898, 0.2707422971725464], [0.6384997963905334, -0.49158304929733276], [0.16143812239170074, -0.6419299244880676]], "lin1.bias": [-0.34353524446487427, -0.6988772749900818, 0.28012755513191223, -0.08962319791316986, 0.030911272391676903, 0.3957602381706238, -0.15397632122039795, -0.04887134209275246, -0.5410743355751038, 0.6542341709136963], "lin_end.weight": [[0.3436046838760376, -0.11552424728870392, -0.1301141232252121, 0.15629446506500244, 0.3230563998222351, 0.21075378358364105, -0.2813056409358978, -0.23572281002998352, -0.02308504655957222, -0.04709728807210922]], "lin_end.bias": [-0.12820005416870117]}