{"lin1.weight": [[0.24253644049167633, 0.48933812975883484], [0.4499386250972748, -0.5100796818733215], [-0.6844151020050049, 0.5066821575164795], [-0.4518977403640747, 0.3454129099845886], [0.7789223790168762, 0.1506124585866928], [-0.17695456743240356, 0.2026580572128296], [-0.6940605044364929, -0.3216651976108551], [-0.764398455619812, 0.1402142494916916], [0.6363624930381775, -0.49435654282569885], [0.1112862154841423, -0.674735426902771]], "lin1.bias": [-0.3198440968990326, -0.7056776285171509, 0.26616519689559937, -0.08241190016269684, 0.0468280203640461, 0.4011473059654236, -0.15162836015224457, -0.06909002363681793, -0.5416814088821411, 0.642749011516571], "lin_end.weight": [[0.5830374956130981, -0.14476971328258514, -0.13478684425354004, 0.10355909168720245, 0.6508874893188477, 0.21444159746170044, -0.6102246642112732, -0.42293989658355713, 0.00800953060388565, -0.18486027419567108]], "lin_end.bias": [-0.0845164880156517]}