{"lin1.weight": [[0.39002925157546997, 0.6204860210418701], [0.42253541946411133, -0.5504533052444458], [-0.7158617973327637, 0.47146373987197876], [-0.4312905967235565, 0.364246666431427], [0.9189260601997375, 0.3039756417274475], [-0.1312081515789032, 0.2542353868484497], [-0.8286826610565186, -0.4651290476322174], [-0.8663062453269958, 0.03711817041039467], [0.6384697556495667, -0.49149924516677856], [0.053638774901628494, -0.7091156244277954]], "lin1.bias": [-0.30141347646713257, -0.7093494534492493, 0.2574230432510376, -0.08013185113668442, 0.04826561361551285, 0.4015849232673645, -0.13731901347637177, -0.08022014796733856, -0.5411198735237122, 0.629827082157135], "lin_end.weight": [[0.7678900361061096, -0.1895887851715088, -0.17370876669883728, 0.07718859612941742, 0.8780463933944702, 0.22937916219234467, -0.8598632216453552, -0.5861801505088806, 0.012871061451733112, -0.29223528504371643]], "lin_end.bias": [-0.0910024344921112]}