{"lin1.weight": [[0.33938130736351013, -0.02184440754354], [0.15379463136196136, 0.3618434965610504], [0.38364484906196594, -0.15824462473392487], [0.24941939115524292, -0.4310426115989685], [-0.03113812953233719, 0.17160548269748688], [-0.32821124792099, -0.14706018567085266], [0.4949759244918823, -0.15783967077732086], [0.6549672484397888, -0.44558125734329224], [0.6955634355545044, 0.38483351469039917], [0.5940452218055725, 0.5574705004692078]], "lin1.bias": [0.44522541761398315, -0.48291346430778503, -0.039191149175167084, -0.008065640926361084, -0.6452017426490784, -0.22087262570858002, 0.628212034702301, 0.6678674817085266, -0.5262879729270935, 0.402054101228714], "lin_end.weight": [[0.24747194349765778, 0.05447475239634514, 0.3020727038383484, 0.11416731029748917, 0.11460886895656586, -0.2159111201763153, 0.03923473507165909, -0.03859680891036987, -0.04838808253407478, -0.032878439873456955]], "lin_end.bias": [-0.2238028645515442]}