{"lin1.weight": [[0.30028036236763, -0.024505605921149254], [0.1455618143081665, 0.36248546838760376], [0.3383212089538574, -0.1623578667640686], [0.23106203973293304, -0.43263480067253113], [-0.050268109887838364, 0.17197993397712708], [-0.30047091841697693, -0.14406272768974304], [0.49127498269081116, -0.15790948271751404], [0.6656209230422974, -0.44660553336143494], [0.7055923938751221, 0.38421502709388733], [0.6043856143951416, 0.559451162815094]], "lin1.bias": [0.4501599371433258, -0.48299863934516907, -0.03743444383144379, -0.008263412863016129, -0.6436625123023987, -0.22342658042907715, 0.6288506388664246, 0.6665782928466797, -0.5236212015151978, 0.40179693698883057], "lin_end.weight": [[0.230886772274971, 0.05290641263127327, 0.2738091051578522, 0.10880717635154724, 0.13880419731140137, -0.13872577250003815, -0.0004294512327760458, -0.10593109577894211, -0.12276215106248856, -0.10782779008150101]], "lin_end.bias": [-0.168670654296875]}