{"lin1.weight": [[0.3303898572921753, -0.022771907970309258], [0.15196537971496582, 0.3619351387023926], [0.3732210099697113, -0.15961678326129913], [0.2452797144651413, -0.4315471649169922], [-0.03507561981678009, 0.17156292498111725], [-0.3208616375923157, -0.1459541618824005], [0.49364718794822693, -0.15787214040756226], [0.6565728783607483, -0.44572949409484863], [0.6970335841178894, 0.3848291337490082], [0.595431923866272, 0.5578548312187195]], "lin1.bias": [0.44673147797584534, -0.48286277055740356, -0.038386374711990356, -0.007977567613124847, -0.6447134017944336, -0.2218426614999771, 0.6284626722335815, 0.6676262617111206, -0.5259602069854736, 0.40195396542549133], "lin_end.weight": [[0.24745871126651764, 0.05626445263624191, 0.29882386326789856, 0.11682944744825363, 0.12197450548410416, -0.19489535689353943, 0.03488283231854439, -0.048954837024211884, -0.06259704381227493, -0.04647158458828926]], "lin_end.bias": [-0.20448271930217743]}