{"lin1.weight": [[0.5361160635948181, 0.7130141854286194], [0.3952815532684326, -0.5817978382110596], [-0.747642993927002, 0.4451195001602173], [-0.4208838641643524, 0.3713149130344391], [1.0492684841156006, 0.42008015513420105], [-0.09381645172834396, 0.28653156757354736], [-0.960898756980896, -0.5789725184440613], [-0.9644317626953125, -0.03974417224526405], [0.6413426399230957, -0.4885493218898773], [-0.010332765989005566, -0.7309306859970093]], "lin1.bias": [-0.2872992157936096, -0.712867021560669, 0.24994689226150513, -0.07941210269927979, 0.03615181893110275, 0.40029025077819824, -0.1116316169500351, -0.08222939819097519, -0.5404502749443054, 0.6186337471008301], "lin_end.weight": [[0.9128065705299377, -0.22281040251255035, -0.25212574005126953, 0.030394962057471275, 1.064447045326233, 0.2252129316329956, -1.0873857736587524, -0.756108283996582, 0.027129536494612694, -0.37868714332580566]], "lin_end.bias": [-0.12695488333702087]}