{"lin1.weight": [[0.8003003001213074, 0.8096961975097656], [0.3466905951499939, -0.6139724850654602], [-0.8157292008399963, 0.43557316064834595], [-0.42546823620796204, 0.3730325996875763], [1.2568235397338867, 0.5722672343254089], [-0.04682551696896553, 0.30703073740005493], [-1.1902780532836914, -0.7573771476745605], [-1.125922679901123, -0.10098238289356232], [0.651968777179718, -0.48518499732017517], [-0.12589967250823975, -0.7112952470779419]], "lin1.bias": [-0.2436305433511734, -0.7235320806503296, 0.23721833527088165, -0.07925698906183243, 0.004160392098128796, 0.39814966917037964, -0.06467097252607346, -0.06899698823690414, -0.5377855896949768, 0.5985264778137207], "lin_end.weight": [[1.0825034379959106, -0.24451404809951782, -0.4479888081550598, -0.0957440733909607, 1.3056049346923828, 0.1760389357805252, -1.4300802946090698, -1.0308198928833008, 0.08317983895540237, -0.45890533924102783]], "lin_end.bias": [-0.22241894900798798]}