{"lin1.weight": [[0.21848814189434052, 0.47012728452682495], [0.4543507695198059, -0.5039507150650024], [-0.6794764399528503, 0.5119420289993286], [-0.45661571621894836, 0.3413863480091095], [0.7554807662963867, 0.12869752943515778], [-0.18542970716953278, 0.19395515322685242], [-0.672209620475769, -0.30210399627685547], [-0.7481651902198792, 0.15483184158802032], [0.6361764073371887, -0.49459558725357056], [0.11940515786409378, -0.6702892780303955]], "lin1.bias": [-0.3220352530479431, -0.7050493955612183, 0.2675052285194397, -0.08288009464740753, 0.04623967409133911, 0.40103960037231445, -0.15347208082675934, -0.0672670304775238, -0.5417312979698181, 0.6442673802375793], "lin_end.weight": [[0.5569692850112915, -0.13906925916671753, -0.12633450329303741, 0.11175288259983063, 0.6154050230979919, 0.21584552526474, -0.5691722631454468, -0.39502084255218506, 0.006176362279802561, -0.16746261715888977]], "lin_end.bias": [-0.08156003057956696]}