{"lin1.weight": [[0.06355183571577072, 0.32653868198394775], [0.48653581738471985, -0.45705515146255493], [-0.6392280459403992, 0.5582785606384277], [-0.501721203327179, 0.2981327176094055], [0.6062532663345337, -0.0279568862169981], [-0.2522309124469757, 0.1184563860297203], [-0.5368725657463074, -0.16423186659812927], [-0.6424082517623901, 0.2616406977176666], [0.6378414034843445, -0.49242159724235535], [0.15940071642398834, -0.6433283090591431]], "lin1.bias": [-0.3420217037200928, -0.6994810104370117, 0.2789280414581299, -0.088871069252491, 0.03213321790099144, 0.39642685651779175, -0.15412934124469757, -0.050291623920202255, -0.5412490367889404, 0.6537656784057617], "lin_end.weight": [[0.3600274324417114, -0.11557821184396744, -0.12811388075351715, 0.15018217265605927, 0.3478584587574005, 0.20889048278331757, -0.3054351210594177, -0.24780941009521484, -0.019000045955181122, -0.05759822204709053]], "lin_end.bias": [-0.12268099188804626]}