{"lin1.weight": [[0.8055802583694458, 0.8115015029907227], [0.3456171154975891, -0.6144280433654785], [-0.8175843954086304, 0.4356320798397064], [-0.42589959502220154, 0.37304916977882385], [1.2608494758605957, 0.5749045014381409], [-0.0460505336523056, 0.3072251081466675], [-1.194825291633606, -0.7608218789100647], [-1.1293184757232666, -0.10172422975301743], [0.6523339152336121, -0.4851236641407013], [-0.1282852441072464, -0.7108020782470703]], "lin1.bias": [-0.24142254889011383, -0.7240672707557678, 0.2363891303539276, -0.07939282059669495, 0.0047881463542580605, 0.3983791768550873, -0.06522384285926819, -0.06970775872468948, -0.5375968217849731, 0.5975219011306763], "lin_end.weight": [[1.088843584060669, -0.24251189827919006, -0.4488942623138428, -0.09545774012804031, 1.313535213470459, 0.17871704697608948, -1.4338525533676147, -1.0333305597305298, 0.08712596446275711, -0.45638060569763184]], "lin_end.bias": [-0.21803265810012817]}