{"lin1.weight": [[0.3412645161151886, -0.02175889164209366], [0.15417665243148804, 0.36180999875068665], [0.38587093353271484, -0.15809586644172668], [0.25027844309806824, -0.4309857487678528], [-0.03033584915101528, 0.17157913744449615], [-0.3298555314540863, -0.1471816599369049], [0.4952707886695862, -0.15784166753292084], [0.6546882390975952, -0.4455570578575134], [0.6952874064445496, 0.38485610485076904], [0.5938116908073425, 0.5574345588684082]], "lin1.bias": [0.4449836015701294, -0.4829116761684418, -0.03927375376224518, -0.008063296787440777, -0.6452664732933044, -0.2207264006137848, 0.6281638145446777, 0.6679074764251709, -0.5263526439666748, 0.402064710855484], "lin_end.weight": [[0.24844318628311157, 0.05455121397972107, 0.3036462664604187, 0.11459509283304214, 0.11352086812257767, -0.21963857114315033, 0.0411611907184124, -0.03542736917734146, -0.044883254915475845, -0.029504762962460518]], "lin_end.bias": [-0.22637246549129486]}