{"lin1.weight": [[0.3786000907421112, 0.6091256141662598], [0.42466461658477783, -0.546958327293396], [-0.7134420871734619, 0.47442564368247986], [-0.43257051706314087, 0.36296719312667847], [0.9085258841514587, 0.29084762930870056], [-0.13448476791381836, 0.2501153349876404], [-0.8185845613479614, -0.4526219367980957], [-0.8583954572677612, 0.04604218900203705], [0.6383122205734253, -0.49173274636268616], [0.05863948538899422, -0.7058387398719788]], "lin1.bias": [-0.30200299620628357, -0.7092858552932739, 0.25793176889419556, -0.08018709719181061, 0.0496189184486866, 0.40186622738838196, -0.1399558037519455, -0.08011218905448914, -0.5411435961723328, 0.6307477355003357], "lin_end.weight": [[0.7541795969009399, -0.18337008357048035, -0.16858616471290588, 0.08047974854707718, 0.8626323938369751, 0.23014304041862488, -0.8379386067390442, -0.5712599754333496, 0.015239068306982517, -0.27984195947647095]], "lin_end.bias": [-0.08561897277832031]}