{"lin1.weight": [[0.3714061379432678, 0.6046352982521057], [0.42605289816856384, -0.5454676151275635], [-0.7119783759117126, 0.4756509065628052], [-0.43337932229042053, 0.3624178171157837], [0.9017868041992188, 0.28545501828193665], [-0.13658657670021057, 0.24838018417358398], [-0.8119744062423706, -0.4475434124469757], [-0.8535435795783997, 0.0497019961476326], [0.6382036209106445, -0.49183952808380127], [0.0615292564034462, -0.7046530246734619]], "lin1.bias": [-0.30295971035957336, -0.709053099155426, 0.25831538438796997, -0.08027257770299911, 0.049639247357845306, 0.40180087089538574, -0.14060243964195251, -0.0797080397605896, -0.5411733388900757, 0.6313223242759705], "lin_end.weight": [[0.7462964653968811, -0.1828565150499344, -0.16575028002262115, 0.0820486843585968, 0.8520461320877075, 0.2293335348367691, -0.8275429010391235, -0.5636627078056335, 0.01335515920072794, -0.276883602142334]], "lin_end.bias": [-0.08606414496898651]}