{"lin1.weight": [[0.4771032929420471, 0.6790434718132019], [0.4061407148838043, -0.5698606371879578], [-0.7344838380813599, 0.45486417412757874], [-0.4239732027053833, 0.3694658875465393], [0.998397946357727, 0.37610453367233276], [-0.10787973552942276, 0.27518314123153687], [-0.9085124135017395, -0.5347133874893188], [-0.9255014657974243, -0.011698458343744278], [0.6400394439697266, -0.48978540301322937], [0.016198400408029556, -0.7243260741233826]], "lin1.bias": [-0.2908437252044678, -0.7117313146591187, 0.25254493951797485, -0.07949405163526535, 0.04519229754805565, 0.40144801139831543, -0.12593814730644226, -0.08408591151237488, -0.5407146215438843, 0.6224105358123779], "lin_end.weight": [[0.8625693321228027, -0.20643335580825806, -0.21210545301437378, 0.055901315063238144, 0.9991272687911987, 0.23470354080200195, -0.9935890436172485, -0.6833912134170532, 0.024959443137049675, -0.3397461175918579]], "lin_end.bias": [-0.09991289675235748]}