{"lin1.weight": [[0.215074822306633, 0.4672330915927887], [0.45500648021698, -0.5030874013900757], [-0.6787680387496948, 0.5127132534980774], [-0.4573298692703247, 0.340739905834198], [0.7520958781242371, 0.12538672983646393], [-0.18669356405735016, 0.19264954328536987], [-0.669061541557312, -0.2991749346256256], [-0.7458621859550476, 0.15704227983951569], [0.6361510753631592, -0.4946272075176239], [0.12048564851284027, -0.6695960164070129]], "lin1.bias": [-0.3226432800292969, -0.7049182653427124, 0.2677249014377594, -0.08299630135297775, 0.045801401138305664, 0.4009167551994324, -0.1533813327550888, -0.06683260202407837, -0.5417391657829285, 0.6445438265800476], "lin_end.weight": [[0.5522481799125671, -0.13904301822185516, -0.12642456591129303, 0.11184461414813995, 0.6091410517692566, 0.21476835012435913, -0.5641753077507019, -0.3921145498752594, 0.0050627789460122585, -0.16615164279937744]], "lin_end.bias": [-0.0833330824971199]}