{"lin1.weight": [[0.13553431630134583, 0.39003637433052063], [0.47064003348350525, -0.4794408082962036], [-0.6597157716751099, 0.5353681445121765], [-0.4767577350139618, 0.3213575780391693], [0.6741653680801392, 0.03958604112267494], [-0.21807539463043213, 0.15560917556285858], [-0.5979371070861816, -0.22290222346782684], [-0.6910534501075745, 0.2146436870098114], [0.6360001564025879, -0.4948592782020569], [0.14381711184978485, -0.6531531810760498]], "lin1.bias": [-0.3337644636631012, -0.7023687362670898, 0.27318117022514343, -0.08564601093530655, 0.03880472481250763, 0.39895689487457275, -0.1544487327337265, -0.058074720203876495, -0.5417792797088623, 0.6502739787101746], "lin_end.weight": [[0.44518303871154785, -0.12193457782268524, -0.1279926300048828, 0.12338831275701523, 0.47195738554000854, 0.20407086610794067, -0.4300115704536438, -0.3169616460800171, -0.0033878895919770002, -0.10833481699228287]], "lin_end.bias": [-0.10346009582281113]}