{"lin1.weight": [[0.44030508399009705, 0.6540300846099854], [0.413058876991272, -0.5616862177848816], [-0.7264901399612427, 0.46192994713783264], [-0.4267077147960663, 0.3675103485584259], [0.9652050733566284, 0.3449258506298065], [-0.11749158799648285, 0.2664744555950165], [-0.8749718070030212, -0.504376232624054], [-0.9005752205848694, 0.009222286753356457], [0.6392701864242554, -0.49061644077301025], [0.032160308212041855, -0.7179738283157349]], "lin1.bias": [-0.2951619625091553, -0.7108373045921326, 0.25450435280799866, -0.0796959176659584, 0.047175757586956024, 0.4016611576080322, -0.13139045238494873, -0.0829395055770874, -0.5408994555473328, 0.6255080103874207], "lin_end.weight": [[0.8232309222221375, -0.19815948605537415, -0.19466526806354523, 0.0655791163444519, 0.9494826793670654, 0.2334727942943573, -0.936116635799408, -0.6415018439292908, 0.02102047950029373, -0.3181193172931671]], "lin_end.bias": [-0.09370790421962738]}