{"lin1.weight": [[0.34347954392433167, 0.5733158588409424], [0.4310643672943115, -0.536217212677002], [-0.7060570120811462, 0.4835926592350006], [-0.43680936098098755, 0.35860419273376465], [0.8763794898986816, 0.24925610423088074], [-0.14473627507686615, 0.23683114349842072], [-0.7876152992248535, -0.41321608424186707], [-0.8342705368995667, 0.07380137592554092], [0.6377454996109009, -0.4926018714904785], [0.073441281914711, -0.6960551142692566]], "lin1.bias": [-0.3068545162677765, -0.708448588848114, 0.26015254855155945, -0.08073155581951141, 0.05004384368658066, 0.4018263518810272, -0.14445273578166962, -0.07738803327083588, -0.5413039326667786, 0.6344878077507019], "lin_end.weight": [[0.7053208351135254, -0.16867338120937347, -0.162698894739151, 0.08295703679323196, 0.8073537945747375, 0.2233479768037796, -0.7773213982582092, -0.5334571003913879, 0.01766267791390419, -0.2511664628982544]], "lin_end.bias": [-0.0846310704946518]}