{"lin1.weight": [[0.59932941198349, 0.7435871958732605], [0.38340699672698975, -0.5926430225372314], [-0.7629291415214539, 0.436571329832077], [-0.4194399416446686, 0.37196364998817444], [1.1019631624221802, 0.46204715967178345], [-0.08017857372760773, 0.2955825924873352], [-1.016608715057373, -0.6232244372367859], [-1.005463719367981, -0.06469063460826874], [0.6431081891059875, -0.48726072907447815], [-0.0389348641037941, -0.7344645261764526]], "lin1.bias": [-0.27956077456474304, -0.7149799466133118, 0.24645741283893585, -0.07933565229177475, 0.02881280891597271, 0.39986860752105713, -0.09943897277116776, -0.08116071671247482, -0.5400092005729675, 0.613520085811615], "lin_end.weight": [[0.9670001268386841, -0.23166817426681519, -0.2908349633216858, 0.007507637608796358, 1.1361266374588013, 0.221478670835495, -1.1757820844650269, -0.8248569965362549, 0.038318391889333725, -0.40517017245292664]], "lin_end.bias": [-0.14237743616104126]}