{"lin1.weight": [[0.01614832691848278, 0.284347802400589], [0.49919790029525757, -0.44027453660964966], [-0.621924102306366, 0.5771017074584961], [-0.5251443386077881, 0.2763676643371582], [0.5651416778564453, -0.06838429719209671], [-0.28052419424057007, 0.08849941939115524], [-0.5014099478721619, -0.13040657341480255], [-0.6107351183891296, 0.2920786142349243], [0.6410179734230042, -0.48848384618759155], [0.16496001183986664, -0.6395695209503174]], "lin1.bias": [-0.3470245599746704, -0.69718337059021, 0.2832644283771515, -0.09174972772598267, 0.027921905741095543, 0.393755704164505, -0.1533564329147339, -0.04543011635541916, -0.5404070019721985, 0.6550229787826538], "lin_end.weight": [[0.3053465187549591, -0.11957680433988571, -0.13547593355178833, 0.17546726763248444, 0.2602294087409973, 0.2183801233768463, -0.2216356247663498, -0.20624740421772003, -0.03721856698393822, -0.022826451808214188]], "lin_end.bias": [-0.14420941472053528]}