{"lin1.weight": [[0.0176701582968235, 0.28606995940208435], [0.4987887442111969, -0.44103899598121643], [-0.6225235462188721, 0.5762730836868286], [-0.5242674946784973, 0.27738794684410095], [0.566364586353302, -0.06684604287147522], [-0.27956151962280273, 0.08986035734415054], [-0.502447783946991, -0.1316852867603302], [-0.6117403507232666, 0.29087740182876587], [0.6408791542053223, -0.488719642162323], [0.16483913362026215, -0.6396638751029968]], "lin1.bias": [-0.34685268998146057, -0.6972702145576477, 0.2830694019794464, -0.09160465002059937, 0.028081707656383514, 0.3938561975955963, -0.15338648855686188, -0.04563796520233154, -0.5404529571533203, 0.6549894213676453], "lin_end.weight": [[0.3073689341545105, -0.12011080235242844, -0.13432978093624115, 0.1748264580965042, 0.26291778683662415, 0.21803447604179382, -0.22455531358718872, -0.20717701315879822, -0.03739981725811958, -0.02467733435332775]], "lin_end.bias": [-0.14353303611278534]}