{"lin1.weight": [[0.009340452030301094, 0.27831971645355225], [0.5010998249053955, -0.43745875358581543], [-0.6191991567611694, 0.5802096724510193], [-0.5291435122489929, 0.2726365327835083], [0.5597330927848816, -0.07376348972320557], [-0.2849835753440857, 0.08356912434101105], [-0.4968166947364807, -0.12599889934062958], [-0.6062854528427124, 0.2963751256465912], [0.6416690349578857, -0.48759230971336365], [0.165404811501503, -0.6392937302589417]], "lin1.bias": [-0.34769994020462036, -0.6967462301254272, 0.2841167151927948, -0.09234641492366791, 0.027271971106529236, 0.3932773172855377, -0.15322396159172058, -0.044592637568712234, -0.5401921272277832, 0.6551281809806824], "lin_end.weight": [[0.2978890538215637, -0.11986783891916275, -0.13752219080924988, 0.18000465631484985, 0.24760834872722626, 0.22055767476558685, -0.20925049483776093, -0.20054061710834503, -0.039398107677698135, -0.017674773931503296]], "lin_end.bias": [-0.14744916558265686]}