{"lin1.weight": [[0.2210012823343277, 0.4724047780036926], [0.4539395272731781, -0.5046948790550232], [-0.6799736618995667, 0.5113248229026794], [-0.4560955762863159, 0.3418779671192169], [0.7578815817832947, 0.13127808272838593], [-0.18455789983272552, 0.19502076506614685], [-0.6744186878204346, -0.3043988347053528], [-0.7498387694358826, 0.15315279364585876], [0.6361967921257019, -0.4945630729198456], [0.11854100972414017, -0.670768678188324]], "lin1.bias": [-0.32202765345573425, -0.7050769329071045, 0.2673755884170532, -0.0828542411327362, 0.04608006775379181, 0.4009654223918915, -0.1530262529850006, -0.06737204641103745, -0.5417264103889465, 0.6441431641578674], "lin_end.weight": [[0.5591520667076111, -0.1406833529472351, -0.12782779335975647, 0.11020694673061371, 0.6182062029838562, 0.2147391140460968, -0.5743889212608337, -0.3986772894859314, 0.005263247527182102, -0.1706620305776596]], "lin_end.bias": [-0.08364547789096832]}