{"lin1.weight": [[0.6017832159996033, 0.7443509697914124], [0.3829428255558014, -0.5929731726646423], [-0.7635301351547241, 0.43642452359199524], [-0.4194221794605255, 0.37196630239486694], [1.103920578956604, 0.46331825852394104], [-0.07969111949205399, 0.2958031892776489], [-1.0187265872955322, -0.6246986389160156], [-1.0069901943206787, -0.0652397945523262], [0.6431854963302612, -0.4872245490550995], [-0.04002353176474571, -0.7342873811721802]], "lin1.bias": [-0.27947789430618286, -0.7150099873542786, 0.2464311569929123, -0.07933780550956726, 0.02816837467253208, 0.39977261424064636, -0.09865455329418182, -0.0807809829711914, -0.5400005578994751, 0.6134620904922485], "lin_end.weight": [[0.967902421951294, -0.2323586642742157, -0.2935120165348053, 0.005603494122624397, 1.1376813650131226, 0.2201455533504486, -1.179683804512024, -0.8282052278518677, 0.038313012570142746, -0.4068376123905182]], "lin_end.bias": [-0.144727885723114]}