{"lin1.weight": [[0.6571691632270813, 0.7698827385902405], [0.37262094020843506, -0.6017153263092041], [-0.7781025767326355, 0.4299877882003784], [-0.41966795921325684, 0.37182334065437317], [1.1482256650924683, 0.4994320571422577], [-0.06887292861938477, 0.3022344410419464], [-1.0664710998535156, -0.6646277904510498], [-1.0424696207046509, -0.0846850574016571], [0.6452306509017944, -0.48590317368507385], [-0.06543264538049698, -0.7349809408187866]], "lin1.bias": [-0.27194759249687195, -0.7171165347099304, 0.2430940568447113, -0.07936566323041916, 0.020608171820640564, 0.3994487524032593, -0.08706806600093842, -0.07896646112203598, -0.5394482016563416, 0.608678936958313], "lin_end.weight": [[1.0133458375930786, -0.23937134444713593, -0.32915830612182617, -0.015641698613762856, 1.1973406076431274, 0.21586504578590393, -1.2550722360610962, -0.8869756460189819, 0.04895403981208801, -0.4273666441440582]], "lin_end.bias": [-0.15905210375785828]}