{"lin1.weight": [[0.7381669878959656, 0.7950997948646545], [0.35751426219940186, -0.6101589202880859], [-0.7998362183570862, 0.4283841550350189], [-0.4221644401550293, 0.37168213725090027], [1.2112336158752441, 0.5419912934303284], [-0.05519493296742439, 0.3066619634628296], [-1.136932611465454, -0.7160348892211914], [-1.09173583984375, -0.09986098110675812], [0.6488134860992432, -0.48488038778305054], [-0.1006585955619812, -0.7265632748603821]], "lin1.bias": [-0.2554413378238678, -0.7210092544555664, 0.23846839368343353, -0.07955316454172134, 0.013442727737128735, 0.39926421642303467, -0.07609780877828598, -0.07618878036737442, -0.5384274125099182, 0.6016989946365356], "lin_end.weight": [[1.0657469034194946, -0.24004995822906494, -0.3863324224948883, -0.051461707800626755, 1.2727386951446533, 0.20494206249713898, -1.352258324623108, -0.9652819633483887, 0.0721970722079277, -0.4420538544654846]], "lin_end.bias": [-0.17915302515029907]}