{"lin1.weight": [[0.5433170795440674, 0.7178558707237244], [0.39382076263427734, -0.5833337306976318], [-0.7495309114456177, 0.4436635673046112], [-0.42063120007514954, 0.37147992849349976], [1.0552983283996582, 0.4258095920085907], [-0.09211677312850952, 0.2879786193370819], [-0.9670539498329163, -0.5848230123519897], [-0.9693353176116943, -0.043632492423057556], [0.6415375471115112, -0.4883711040019989], [-0.013729601167142391, -0.7322473526000977]], "lin1.bias": [-0.2852468490600586, -0.713379442691803, 0.24915683269500732, -0.07934357225894928, 0.03658582642674446, 0.4006253182888031, -0.11149764806032181, -0.08318696916103363, -0.5403642058372498, 0.6174172163009644], "lin_end.weight": [[0.9237309098243713, -0.22195535898208618, -0.25189274549484253, 0.031925514340400696, 1.0775121450424194, 0.2297835499048233, -1.0949538946151733, -0.7608291506767273, 0.03078187257051468, -0.37830618023872375]], "lin_end.bias": [-0.12109490483999252]}