{"lin1.weight": [[0.6354052424430847, 0.7572499513626099], [0.3766288161277771, -0.5976402759552002], [-0.7721788287162781, 0.43320325016975403], [-0.41946113109588623, 0.3719213902950287], [1.1313772201538086, 0.4823911190032959], [-0.0730665996670723, 0.29914695024490356], [-1.048388123512268, -0.645770251750946], [-1.0285121202468872, -0.07527774572372437], [0.6443578600883484, -0.4865764081478119], [-0.055124394595623016, -0.7340515851974487]], "lin1.bias": [-0.2736089825630188, -0.716582179069519, 0.24413961172103882, -0.07936076074838638, 0.025617042556405067, 0.3998953104019165, -0.09391669183969498, -0.08085086196660995, -0.539635181427002, 0.6103286147117615], "lin_end.weight": [[0.9959019422531128, -0.23297223448753357, -0.31285515427589417, -0.005352071952074766, 1.17580246925354, 0.2202296108007431, -1.221108078956604, -0.8608629703521729, 0.04828028380870819, -0.41389787197113037]], "lin_end.bias": [-0.14753217995166779]}