{"lin1.weight": [[0.0023800507187843323, 0.2720116674900055], [0.5033301115036011, -0.4346565306186676], [-0.6161131858825684, 0.5834980607032776], [-0.5334879755973816, 0.26857492327690125], [0.5542812943458557, -0.07911986857652664], [-0.2899042069911957, 0.07842855900526047], [-0.49230098724365234, -0.12166310101747513], [-0.6016657948493958, 0.3008153438568115], [0.642471969127655, -0.4866448640823364], [0.16570144891738892, -0.6390759944915771]], "lin1.bias": [-0.34835681319236755, -0.6963709592819214, 0.28477969765663147, -0.09281301498413086, 0.026784414425492287, 0.39278337359428406, -0.1531522125005722, -0.04397139325737953, -0.5400038957595825, 0.6551939249038696], "lin_end.weight": [[0.2901356518268585, -0.12135370075702667, -0.13935935497283936, 0.18485508859157562, 0.23424766957759857, 0.22302258014678955, -0.19657021760940552, -0.1948094367980957, -0.042952798306941986, -0.011843712069094181]], "lin_end.bias": [-0.15124723315238953]}