{"lin1.weight": [[0.46608617901802063, 0.6725866794586182], [0.4081501066684723, -0.567652702331543], [-0.7321978211402893, 0.4567325711250305], [-0.4246934652328491, 0.3690151870250702], [0.9882821440696716, 0.3673360347747803], [-0.11064168065786362, 0.27294063568115234], [-0.8980288505554199, -0.5261573195457458], [-0.9181296825408936, -0.005937544628977776], [0.6398229598999023, -0.49000290036201477], [0.020872212946414948, -0.7229304313659668]], "lin1.bias": [-0.29158684611320496, -0.7116208672523499, 0.25294065475463867, -0.07947760075330734, 0.046146247535943985, 0.40175125002861023, -0.12793536484241486, -0.08415788412094116, -0.5407459735870361, 0.6229950785636902], "lin_end.weight": [[0.8536987900733948, -0.20306037366390228, -0.20409032702445984, 0.06125842407345772, 0.9870474338531494, 0.2372817099094391, -0.9748991131782532, -0.6689750552177429, 0.02503383345901966, -0.33145999908447266]], "lin_end.bias": [-0.09363146126270294]}