{"lin1.weight": [[0.2686324417591095, 0.509972333908081], [0.4450458884239197, -0.5167767405509949], [-0.6899120807647705, 0.5009492039680481], [-0.4473755359649658, 0.3492416441440582], [0.8045489192008972, 0.17530590295791626], [-0.1681704968214035, 0.21170823276042938], [-0.7185978889465332, -0.34441307187080383], [-0.7823638916015625, 0.12384657561779022], [0.6366097331047058, -0.4940412938594818], [0.10206777602434158, -0.6794924139976501]], "lin1.bias": [-0.3169112801551819, -0.7063369154930115, 0.2647082805633545, -0.08199374377727509, 0.04791414737701416, 0.40116578340530396, -0.15011221170425415, -0.07113625854253769, -0.5416176319122314, 0.6409273743629456], "lin_end.weight": [[0.6113088130950928, -0.15164296329021454, -0.1448734849691391, 0.09476011991500854, 0.6891024708747864, 0.21295207738876343, -0.6557304263114929, -0.45390215516090393, 0.009488008916378021, -0.2038753181695938]], "lin_end.bias": [-0.08893518894910812]}