{"lin1.weight": [[0.08988651633262634, 0.35084423422813416], [0.4805871844291687, -0.4659375846385956], [-0.647326648235321, 0.5488597750663757], [-0.49143487215042114, 0.30801472067832947], [0.630550742149353, -0.002739418065175414], [-0.23890207707881927, 0.13361889123916626], [-0.5584290027618408, -0.1859072893857956], [-0.6601847410202026, 0.24381953477859497], [0.6369442939758301, -0.4936450123786926], [0.1544802337884903, -0.6465505361557007]], "lin1.bias": [-0.3392404019832611, -0.7005701065063477, 0.276607871055603, -0.08753529191017151, 0.03455691039562225, 0.39739614725112915, -0.1542283594608307, -0.05322916433215141, -0.5415094494819641, 0.6526384353637695], "lin_end.weight": [[0.3907128572463989, -0.11946390569210052, -0.1264364868402481, 0.13866376876831055, 0.392707884311676, 0.2049105167388916, -0.3530513048171997, -0.2730766236782074, -0.015179719775915146, -0.07933730632066727]], "lin_end.bias": [-0.11692564189434052]}