{"lin1.weight": [[0.1436711698770523, 0.3975304365158081], [0.46898090839385986, -0.48185887932777405], [-0.6618426442146301, 0.5329375267028809], [-0.47446712851524353, 0.32354116439819336], [0.6820374727249146, 0.04764389619231224], [-0.2146284431219101, 0.1594899743795395], [-0.6050037145614624, -0.2299536168575287], [-0.6966548562049866, 0.209122434258461], [0.6359469294548035, -0.49493104219436646], [0.14166945219039917, -0.6545820832252502]], "lin1.bias": [-0.33276718854904175, -0.7026618123054504, 0.27257242798805237, -0.08533930778503418, 0.03945046663284302, 0.39919719099998474, -0.15430721640586853, -0.05894255265593529, -0.5417945384979248, 0.649781346321106], "lin_end.weight": [[0.45555418729782104, -0.1231447085738182, -0.127928227186203, 0.12148091197013855, 0.48596251010894775, 0.2045626938343048, -0.44360098242759705, -0.32465413212776184, -0.0020235334523022175, -0.11400093138217926]], "lin_end.bias": [-0.10120991617441177]}