{"lin1.weight": [[0.19212517142295837, 0.4426155984401703], [0.4594089686870575, -0.49580028653144836], [-0.673622727394104, 0.5193372368812561], [-0.4624025523662567, 0.3352081775665283], [0.7297013998031616, 0.09804350137710571], [-0.19525542855262756, 0.18150755763053894], [-0.6486029624938965, -0.27465784549713135], [-0.7300411462783813, 0.17520731687545776], [0.6360283493995667, -0.49481654167175293], [0.12789402902126312, -0.6638706922531128]], "lin1.bias": [-0.3260861337184906, -0.7042609453201294, 0.26922690868377686, -0.08372262120246887, 0.0439533032476902, 0.40044471621513367, -0.15401984751224518, -0.06427405029535294, -0.5417733192443848, 0.6464870572090149], "lin_end.weight": [[0.5188805460929871, -0.13148126006126404, -0.12855294346809387, 0.11275999993085861, 0.5694432854652405, 0.20991067588329315, -0.5247867703437805, -0.37091654539108276, 0.005163508467376232, -0.14714866876602173]], "lin_end.bias": [-0.08869417011737823]}