{"lin1.weight": [[0.09804466366767883, 0.3588211238384247], [0.4787822961807251, -0.46874943375587463], [-0.6496675610542297, 0.5460125803947449], [-0.4885421097278595, 0.3109636604785919], [0.6382335424423218, 0.0057809739373624325], [-0.23501688241958618, 0.1382969319820404], [-0.5653864145278931, -0.19338354468345642], [-0.6657172441482544, 0.2379208207130432], [0.6367066502571106, -0.4939875602722168], [0.15271763503551483, -0.6477738618850708]], "lin1.bias": [-0.33811748027801514, -0.7009226083755493, 0.27589136362075806, -0.08709455281496048, 0.035548847168684006, 0.3977431356906891, -0.15445742011070251, -0.05428159609436989, -0.5415825843811035, 0.6521815657615662], "lin_end.weight": [[0.40155547857284546, -0.12075705826282501, -0.12457025796175003, 0.13673844933509827, 0.4074406623840332, 0.2052970677614212, -0.36715570092201233, -0.2798636257648468, -0.014028341509401798, -0.08541914820671082]], "lin_end.bias": [-0.11354013532400131]}