{"lin1.weight": [[0.155711829662323, 0.4080912172794342], [0.466581255197525, -0.4852968156337738], [-0.6648629903793335, 0.5295502543449402], [-0.4712506830692291, 0.3265129625797272], [0.6938516497612, 0.05949272960424423], [-0.2096613645553589, 0.16491585969924927], [-0.6158449053764343, -0.24044060707092285], [-0.7049376964569092, 0.2011040300130844], [0.6359075307846069, -0.49498414993286133], [0.1384127140045166, -0.656587541103363]], "lin1.bias": [-0.3312720060348511, -0.7030784487724304, 0.2717020809650421, -0.08492778241634369, 0.040575798600912094, 0.3994888961315155, -0.15426576137542725, -0.06026288866996765, -0.5418056845664978, 0.6490446329116821], "lin_end.weight": [[0.4700954854488373, -0.12507063150405884, -0.12905533611774445, 0.11799453943967819, 0.5061237812042236, 0.2046515941619873, -0.4642516076564789, -0.33687546849250793, -0.00017063063569366932, -0.1222744956612587]], "lin_end.bias": [-0.09914664924144745]}