{"lin1.weight": [[0.08238593488931656, 0.34249377250671387], [0.48216888308525085, -0.4629938006401062], [-0.6451072692871094, 0.5519371032714844], [-0.49421703815460205, 0.3048360347747803], [0.6235884428024292, -0.011430387385189533], [-0.24250242114067078, 0.12862078845500946], [-0.5522279739379883, -0.17837150394916534], [-0.6550705432891846, 0.24989041686058044], [0.6371596455574036, -0.4932805299758911], [0.15605014562606812, -0.645340085029602]], "lin1.bias": [-0.3401621878147125, -0.7002733945846558, 0.27733442187309265, -0.08797533810138702, 0.03372841328382492, 0.3971233069896698, -0.15418176352977753, -0.05221450328826904, -0.5414401292800903, 0.6530545353889465], "lin_end.weight": [[0.3804170489311218, -0.11639080196619034, -0.12928785383701324, 0.14035376906394958, 0.37991589307785034, 0.20505431294441223, -0.3391256332397461, -0.2669929563999176, -0.01413375698029995, -0.07136127352714539]], "lin_end.bias": [-0.1188427284359932]}