{"lin1.weight": [[0.5609112977981567, 0.7270827889442444], [0.39054566621780396, -0.5866273641586304], [-0.7537190318107605, 0.44105425477027893], [-0.4200640618801117, 0.37177568674087524], [1.0698745250701904, 0.4379894733428955], [-0.08820019662380219, 0.2908661365509033], [-0.9822612404823303, -0.5975091457366943], [-0.9807891249656677, -0.050994161516427994], [0.6420032978057861, -0.4879739582538605], [-0.021817855536937714, -0.7335584163665771]], "lin1.bias": [-0.2842308282852173, -0.7137699127197266, 0.24837809801101685, -0.07933937013149261, 0.03318219259381294, 0.4002789556980133, -0.10666035860776901, -0.08214028924703598, -0.5402647256851196, 0.6162933111190796], "lin_end.weight": [[0.9377902746200562, -0.22639746963977814, -0.2645621597766876, 0.02388746850192547, 1.0958467721939087, 0.22659657895565033, -1.121955156326294, -0.7821378111839294, 0.03188323974609375, -0.3890026807785034]], "lin_end.bias": [-0.12943029403686523]}