{"lin1.weight": [[0.13042455911636353, 0.38578543066978455], [0.4716533124446869, -0.4780312180519104], [-0.6584128737449646, 0.5367981195449829], [-0.47821882367134094, 0.3200652301311493], [0.6692257523536682, 0.03492169454693794], [-0.22025588154792786, 0.15334750711917877], [-0.5934474468231201, -0.21886129677295685], [-0.6875957250595093, 0.2178439050912857], [0.6360373497009277, -0.49481120705604553], [0.14511246979236603, -0.6523813009262085]], "lin1.bias": [-0.33429229259490967, -0.7021867036819458, 0.2735575735569, -0.08582820743322372, 0.038404397666454315, 0.39882588386535645, -0.1545444279909134, -0.0575430653989315, -0.5417685508728027, 0.6505386829376221], "lin_end.weight": [[0.43939507007598877, -0.12138853222131729, -0.12726366519927979, 0.12527009844779968, 0.4635249376296997, 0.20437023043632507, -0.42133328318595886, -0.31165486574172974, -0.004404527135193348, -0.10495683550834656]], "lin_end.bias": [-0.104237861931324]}